candidate_id,raw_id,raw_published_at,published_at,published_at_utc,published_at_china,raw_source_published_at,source_published_at_utc,source_published_at_china,source_timezone,source_timezone_assumption,source_lag_minutes,backtest_time,backtest_time_utc,backtest_time_china,backtest_time_basis,time_timezone_assumption,time_parse_status,time_parse_flags,title,content,source,url,candidate_asset_symbol,candidate_binance_spot_symbol,candidate_binance_futures_symbol,candidate_event_type,candidate_direction_hint,candidate_importance,event_scope,asset_confidence,time_confidence,needs_review,review_decision,review_notes,quality_flags,auto_quality_score,suggested_reason,suggested_review_decision,review_priority,parsed_backtest_time_utc,event_age_hours,horizon_status,is_mature_72h,publish_decision,discard_reason,primary_discard_reason,channel_route,event_type_l1,event_type_l2,entity_flags,relevance_score_realtime,tradability_tier,primary_asset_symbol,primary_binance_spot_symbol,primary_binance_futures_symbol,effective_asset_symbol,effective_binance_spot_symbol,effective_binance_futures_symbol,v06_stratify_type,eligible_v06_filtered,v06_filtered_preview
cand_00077,2056534324389028320,2026-05-19T00:36:06Z,2026-05-19 08:36:06 UTC+8,2026-05-19T00:36:06Z,2026-05-19 08:36:06 UTC+8,,,,Asia/Shanghai,source_rule:webhook,,2026-05-19 08:36:06 UTC+8,2026-05-19T00:36:06Z,2026-05-19 08:36:06 UTC+8,published_at,Asia/Shanghai_for_naive_time,ok,,"Whale Loracle.hl (@loraclexyz) has further increased his $HYPE (5x) short position to 1.44M $HYPE, valued at $69.3M with","Whale Loracle.hl (@loraclexyz) has further increased his $HYPE (5x) short position to 1.44M $HYPE, valued at $69.3M with a liquidation price of $69.64 and a floating loss of ~$8M.

https://t.co/Z3vQB9Mk8z https://t.co/U6SMTvfHfd",webhook,,HYPE,,HYPEUSDT,whale_position,observe,3,single_asset,high,high,false,include,,,75,"has_asset,missing_symbol,time_ok,typed_event,single_asset,asset_confidence_high,time_confidence_high",include,medium,2026-05-19T00:36:06Z,197.5128,mature_72h,true,human_review,,,alpha_candidate,whale_position,whale_wallet_position,,76.5,T1,HYPE,,HYPEUSDT,HYPE,,HYPEUSDT,whale_position,True,true
cand_00484,2056417103637254305,2026-05-18T16:50:18Z,2026-05-19 00:50:18 UTC+8,2026-05-18T16:50:18Z,2026-05-19 00:50:18 UTC+8,,,,Asia/Shanghai,source_rule:webhook,,2026-05-19 00:50:18 UTC+8,2026-05-18T16:50:18Z,2026-05-19 00:50:18 UTC+8,published_at,Asia/Shanghai_for_naive_time,ok,,Adshares桥攻击者归还256枚ETH，覆盖86%被盗资金,币界网消息，据Cointelegraph报道，Adshares桥的攻击者已归还256枚ETH，覆盖了被盗资金的86%。,webhook,,ETH,ETHUSDT,ETHUSDT,hack_security,risk,4,single_asset,high,high,false,include,,,130,"has_asset,has_binance_symbol,time_ok,typed_event,single_asset,asset_confidence_high,time_confidence_high,importance_ge_4",include,high,2026-05-18T16:50:18Z,205.2761,mature_72h,true,human_review,,,alpha_candidate,hack_security,exploit_or_theft,,72.75,T1,ETH,ETHUSDT,ETHUSDT,ETH,ETHUSDT,ETHUSDT,hack_security,True,true
cand_00493,2056415265085079912,2026-05-18T16:43:00Z,2026-05-19 00:43:00 UTC+8,2026-05-18T16:43:00Z,2026-05-19 00:43:00 UTC+8,,,,Asia/Shanghai,source_rule:webhook,,2026-05-19 00:43:00 UTC+8,2026-05-18T16:43:00Z,2026-05-19 00:43:00 UTC+8,published_at,Asia/Shanghai_for_naive_time,ok,,"JUST IN: Strategy $MSTR has generated an 84,987 #Bitcoin gain ($6.6 billion) so far this year, which is already 75% of t","JUST IN: Strategy $MSTR has generated an 84,987 #Bitcoin gain ($6.6 billion) so far this year, which is already 75% of the entire 2025 BTC gain. 

""Digital credit is helping us deliver faster growth in 2026 than in 2025,"" said CEO Phong Le. 🔥 https://t.co/VOvgjmcQWo",webhook,,BTC,BTCUSDT,BTCUSDT,macro,observe,4,market_wide,high,high,true,include,,market_wide_event,115,"has_asset,has_binance_symbol,time_ok,typed_event,asset_confidence_high,time_confidence_high,importance_ge_4",include,high,2026-05-18T16:43:00Z,205.3978,mature_72h,true,human_review,,,macro_policy,institutional_flow,etf_or_fund_flow,,72.0,T2,BTC,BTCUSDT,BTCUSDT,BTC,BTCUSDT,BTCUSDT,institutional_flow,True,true
cand_00074,2056535371408724123,2026-05-19T00:40:15Z,2026-05-19 08:40:15 UTC+8,2026-05-19T00:40:15Z,2026-05-19 08:40:15 UTC+8,,,,Asia/Shanghai,source_rule:webhook,,2026-05-19 08:40:15 UTC+8,2026-05-19T00:40:15Z,2026-05-19 08:40:15 UTC+8,published_at,Asia/Shanghai_for_naive_time,ok,,Santiment：持有至少100 BTC的钱包数量增至20229,"币界网消息，据Cointelegraph报道，持有至少100枚BTC的钱包数量已上升至20,229个，比一年前增长了11.2%。这表明，尽管市场波动，鲸鱼和机构投资者仍在持续积累比特币。",webhook,,BTC,BTCUSDT,BTCUSDT,institutional_flow,observe,4,single_asset,high,high,false,include,,,130,"has_asset,has_binance_symbol,time_ok,typed_event,single_asset,asset_confidence_high,time_confidence_high,importance_ge_4",include,high,2026-05-19T00:40:15Z,197.4436,mature_72h,true,human_review,,,alpha_candidate,onchain_data,wallet_metric,,75.0,T1,BTC,BTCUSDT,BTCUSDT,BTC,BTCUSDT,BTCUSDT,onchain_data,True,true
cand_00449,2056424419023823124,2026-05-18T17:19:22Z,2026-05-19 01:19:22 UTC+8,2026-05-18T17:19:22Z,2026-05-19 01:19:22 UTC+8,,,,Asia/Shanghai,source_rule:webhook,,2026-05-19 01:19:22 UTC+8,2026-05-18T17:19:22Z,2026-05-19 01:19:22 UTC+8,published_at,Asia/Shanghai_for_naive_time,ok,,Ethereum Foundation 研究员 Carl Beek 与 Julian Ma 于周一宣布离职。其中，Carl Beek 在以太坊工作约 7 年，曾参与 Beacon Chain 及以太坊 PoS 升级；Julian Ma 在以,Ethereum Foundation 研究员 Carl Beek 与 Julian Ma 于周一宣布离职。其中，Carl Beek 在以太坊工作约 7 年，曾参与 Beacon Chain 及以太坊 PoS 升级；Julian Ma 在以太坊工作约 4 年，曾参与 FOCIL（EIP-7805）提案撰写及 Fast Confirmation Rule 推进工作。此前，Ethereum Foundation 前联合执行董事 Tomasz K. Stańczak、前成员 Josh Stark，以及 Protocol 团队成员 Barnabé Monnot、Tim Beiko、Alex Stokes 等人也已相继离职或暂时休假。（The Block）https://t.co/9gtDyj94Sj,webhook,,ETH,ETHUSDT,ETHUSDT,network_upgrade,observe,3,single_asset,high,high,false,include,,,120,"has_asset,has_binance_symbol,time_ok,typed_event,single_asset,asset_confidence_high,time_confidence_high",include,high,2026-05-18T17:19:22Z,204.7917,mature_72h,true,human_review,,,research_only,network_upgrade,upgrade_or_fork,,68.25,T3,ETH,ETHUSDT,ETHUSDT,ETH,ETHUSDT,ETHUSDT,network_upgrade,True,true
cand_00478,2056418306362634718,2026-05-18T16:55:05Z,2026-05-19 00:55:05 UTC+8,2026-05-18T16:55:05Z,2026-05-19 00:55:05 UTC+8,,,,Asia/Shanghai,source_rule:webhook,,2026-05-19 00:55:05 UTC+8,2026-05-18T16:55:05Z,2026-05-19 00:55:05 UTC+8,published_at,Asia/Shanghai_for_naive_time,ok,,"Stablecoins aren't just a US story.

@John1wu spoke to @LowBeta on what @avax is quietly building across Asia and LatAm:","Stablecoins aren't just a US story.

@John1wu spoke to @LowBeta on what @avax is quietly building across Asia and LatAm:

↳ @StraitsX + Monetary Authority of Singapore.
↳ @Alipay and GrabPay rails.
↳ Nonco doing on-chain FX in LatAm.
↳ @rain as the on/off ramp.

The non-US stablecoin universe is here.",webhook,,AVAX,AVAXUSDT,AVAXUSDT,other,observe,3,single_asset,high,high,true,include,,unknown_event_type,80,"has_asset,has_binance_symbol,time_ok,unknown_event_type,single_asset,asset_confidence_high,time_confidence_high",include,medium,2026-05-18T16:55:05Z,205.1964,mature_72h,true,human_review,,,research_only,stablecoin_flow,stablecoin,,69.75,T3,AVAX,AVAXUSDT,AVAXUSDT,AVAX,AVAXUSDT,AVAXUSDT,stablecoin_flow,True,true
cand_00178,2056499804675735762,2026-05-18T22:18:56Z,2026-05-19 06:18:56 UTC+8,2026-05-18T22:18:56Z,2026-05-19 06:18:56 UTC+8,,,,Asia/Shanghai,source_rule:webhook,,2026-05-19 06:18:56 UTC+8,2026-05-18T22:18:56Z,2026-05-19 06:18:56 UTC+8,published_at,Asia/Shanghai_for_naive_time,ok,,美国司法部：俄亥俄州居民因加密庞氏骗局被判9年监禁,币界网消息，美国司法部表示，俄亥俄州居民Rathnakishore Giri因运营加密货币投资庞氏骗局被判处9年监禁及3年监督释放。根据法庭文件，Giri以擅长比特币衍生品交易为名，向投资者承诺“保本高收益”，累计骗取超过1000万美元资金，并使用新投资者资金向早期投资者兑付。Giri已于2024年10月承认一项电信欺诈罪名，但在等待量刑期间仍继续向加密投资者募资，并造成新增受害者损失。,webhook,,BTC,BTCUSDT,BTCUSDT,token_unlock,risk,3,single_asset,high,high,true,include,,market_wide_event,120,"has_asset,has_binance_symbol,time_ok,typed_event,single_asset,asset_confidence_high,time_confidence_high",include,high,2026-05-18T22:18:56Z,199.7989,mature_72h,true,human_review,,,research_only,legal_enforcement,fraud_or_enforcement,,65.25,T3,BTC,BTCUSDT,BTCUSDT,BTC,BTCUSDT,BTCUSDT,legal_enforcement,True,true
cand_00227,news:2012:da417e582651905f,2026-05-18T21:20:51Z,2026-05-19 05:20:51 UTC+8,2026-05-18T21:20:51Z,2026-05-19 05:20:51 UTC+8,,,,Asia/Shanghai,default_china,,2026-05-19 05:20:51 UTC+8,2026-05-18T21:20:51Z,2026-05-19 05:20:51 UTC+8,published_at,Asia/Shanghai_for_naive_time,ok,,Revolut推出首张实体加密卡，主打Dogecoin主题,金融科技公司 Revolut 宣布推出其首张实体加密借记卡，该卡以 Dogecoin 为主题，并配备可在用户轻触支付时亮起的 LED 显示屏。该卡可在支持 Visa 和 Mastercard 的商户使用，并将率先在英国及欧洲经济区推出。此次发布正值加密卡使用量持续增长之际。Crypto.com、Coinbase、Binance 等平台均在扩大加密卡服务，Gemini 也将信用卡业务视为重要收入增长来源。数据显示，近期加密卡日交易量已多次突破 10 万笔，行业支付场景正在进一步扩展。,news:odaily_exchange_gap,https://www.odaily.news/zh-CN/newsflash/482275,DOGE,DOGEUSDT,DOGEUSDT,other,observe,3,single_asset,high,high,true,include,,unknown_event_type,80,"has_asset,has_binance_symbol,time_ok,unknown_event_type,single_asset,asset_confidence_high,time_confidence_high",include,medium,2026-05-18T21:20:51Z,200.7669,mature_72h,true,human_review,,,research_only,project_business,payment_adoption,possible_price_recap,68.0,T3,DOGE,DOGEUSDT,DOGEUSDT,DOGE,DOGEUSDT,DOGEUSDT,project_business,True,true
cand_00419,news:1006:80c4d6c2f38d9763,2026-05-18T17:41:53Z,2026-05-19 01:41:53 UTC+8,2026-05-18T17:41:53Z,2026-05-19 01:41:53 UTC+8,,,,Asia/Shanghai,default_china,,2026-05-19 01:41:53 UTC+8,2026-05-18T17:41:53Z,2026-05-19 01:41:53 UTC+8,published_at,Asia/Shanghai_for_naive_time,ok,,White House: Bitcoin Reserve Announcement Is Imminent,"The White House is nearing a formal announcement on a U.S. Strategic Bitcoin Reserve, with Patrick Witt saying the administration has already cleared a key legal hurdle.

The White House is on the verge of a formal announcement on the U.S. Strategic Bitcoin Reserve — and the official leading the charge says the hard part is done.

Patrick Witt, Executive Director of the President’s Council of Advisors for Digital Assets, told an interviewer this week that the administration has cleared a major legal hurdle in standing up the reserve.

“We’ll have an announcement,” Witt said. “I wish I could say more… It’s a breakthrough as far as getting everything in place, legally sound, properly safeguarding the assets.”

The signal follows a similar declaration Witt made at the Bitcoin 2026 conference in Las Vegas, where he told the crowd an update was coming within weeks.

President Trump signed the executive order establishing the Strategic Bitcoin Reserve on March 6, 2025. Since then, Witt says his deputy Harry John has driven the interagency process: identifying what legal authorities exist, commissioning the necessary legal memos, and building a custody and reporting infrastructure across federal agencies that were designed for gold, not private keys.

The reserve holds an estimated 328,372 BTC — roughly 1.6% of total global supply — accumulated through law enforcement seizures, including the Silk Road takedown, the 2022 Bitfinex hack recovery, and years of criminal forfeitures.

The executive order bars the Treasury from selling a single coin.

Witt pointed to a breach at the U.S. Marshals Service as proof that the reserve’s security mandate is urgent. A government contractor named John Daghita allegedly stole more than $46 million in cryptocurrency from USMS custody accounts in late 2025, and the FBI arrested him in March 2026. A separate $24 million theft was traced to October 2024.

“It’s a case in point for why it was so necessary that the president established the SBR,” Witt said.

An executive order dies the moment a new president takes office. That vulnerability is the core argument for two bills now moving through Congress. Rep. Nick Begich recently rebranded the BITCOIN Act as the American Reserves Modernization Act (ARMA), which would authorize the U.S. Treasury to purchase up to 200,000 BTC per year for five years — with holdings locked for a minimum of 20 years. Senator Cynthia Lummis has put Congress on a deadline, pushing for a vote before the summer recess as midterm campaigning begins to consume floor time.

If the BITCOIN Act passes, the Treasury’s first open-market Bitcoin purchase is projected for Q4 2026 — making the U.S. the first sovereign nation to actively accumulate Bitcoin as a strategic reserve asset.",news:bitcoinmagazine,https://bitcoinmagazine.com/news/white-house-strategic-bitcoin-reserve,BTC,BTCUSDT,BTCUSDT,hack_security,risk,4,single_asset,high,high,true,include,,market_wide_event,130,"has_asset,has_binance_symbol,time_ok,typed_event,single_asset,asset_confidence_high,time_confidence_high,importance_ge_4",include,high,2026-05-18T17:41:53Z,204.4164,mature_72h,true,human_review,,,macro_policy,regulation_macro,bitcoin_reserve_policy,,76.25,T2,BTC,BTCUSDT,BTCUSDT,BTC,BTCUSDT,BTCUSDT,regulation_macro,True,true
cand_00253,news:1023:a107c66a5b937a7d,2026-05-18T21:00:00Z,2026-05-19 05:00:00 UTC+8,2026-05-18T21:00:00Z,2026-05-19 05:00:00 UTC+8,,,,UTC,source_rule:news:cryptonews,,2026-05-19 05:00:00 UTC+8,2026-05-18T21:00:00Z,2026-05-19 05:00:00 UTC+8,published_at,Asia/Shanghai_for_naive_time,ok,,HIVE soars over 35% on plans for $2.55b Toronto AI 'super factory',"HIVE Digital is pivoting from Bitcoin mining to a CAD 3.5b, 320 MW Toronto AI “super factory” hosting 100,000+ GPUs, sending its stock up over 35% on the news.

HIVE Digital Technologies, long known as a Bitcoin ( BTC ) mining company, has unveiled plans for a 320 MW AI infrastructure park in the Greater Toronto Area, a move that sent its shares up more than 35% at the open after the news broke on Monday, according to The Block. The company described the project as an AI “super factory” and said it aims to create one of Canada’s largest sovereign AI campuses at a time when demand for data center power and GPUs is exploding.

HIVE said the buildout will be led by its high‑performance computing subsidiary BUZZ, with total capital expenditure expected to reach roughly CAD 3.5 billion, or about $2.55 billion at current exchange rates. Once fully completed, the site is expected to support more than 100,000 GPUs across multiple large‑scale data halls dedicated to training and running AI models, putting the project in the same power class as some US hyperscale campuses.

The company is targeting the second half of 2027 for initial operations at the Toronto‑area AI park, suggesting a multi‑year construction and power‑procurement timeline that aligns with typical hyperscale data center projects. Management framed the site as “sovereign” AI infrastructure, signaling that HIVE wants to position the campus as a Canadian‑controlled alternative to US cloud and chip majors for governments, enterprises, and local AI startups.

HIVE did not disclose detailed financing plans in the initial announcement but indicated the CAD 3.5 billion budget includes land, power infrastructure, cooling, data center construction, and GPU hardware. Given the scale, the company is likely to lean on a mix of equity, debt, and potential partnerships with hardware vendors or cloud customers to lock in anchor tenants ahead of the 2027 launch.

The Toronto project marks the most aggressive step yet in HIVE’s ongoing shift away from pure Bitcoin mining toward AI and high‑performance computing infrastructure. In recent years, the firm has expanded GPU clusters and AI‑oriented data center operations in Paraguay and Sweden, effectively using its expertise in energy‑intensive mining to bootstrap a different kind of compute business.

That strategic pivot has taken place against a backdrop of rising competition and margin compression in Bitcoin mining, while GPU‑rich AI infrastructure has become one of the hottest capital‑markets stories of the cycle. By tying its future to a 320 MW “super factory” capable of hosting over 100,000 GPUs on Canadian soil, HIVE is betting that investors will reward it more as an AI data center operator than as a cyclical crypto miner — a bet Monday’s 35%+ share price pop suggests the market is, at least initially, willing to entertain.",news:cryptonews,https://crypto.news/hive-soars-over-35-on-plans-for-2-55b-toronto-ai-super-factory/,BTC,BTCUSDT,BTCUSDT,macro,observe,4,market_wide,high,high,true,include,,market_wide_event,115,"has_asset,has_binance_symbol,time_ok,typed_event,asset_confidence_high,time_confidence_high,importance_ge_4",include,high,2026-05-18T21:00:00Z,201.1144,mature_72h,true,human_review,,,macro_policy,regulation_macro,regulation,,75.75,T2,BTC,BTCUSDT,BTCUSDT,BTC,BTCUSDT,BTCUSDT,regulation_macro,True,true
cand_00025,2056554729204003176,2026-05-19T01:57:11Z,2026-05-19 09:57:11 UTC+8,2026-05-19T01:57:11Z,2026-05-19 09:57:11 UTC+8,,,,Asia/Shanghai,source_rule:webhook,,2026-05-19 09:57:11 UTC+8,2026-05-19T01:57:11Z,2026-05-19 09:57:11 UTC+8,published_at,Asia/Shanghai_for_naive_time,ok,,"燕子回来了！💪

「先定 10 个大目标」老哥晒图展示其 $BTC 空单已浮盈 1222.5 万美元，但具体仓位和开仓点位并未露出

05.06 时他止损 BTC 空单最大亏损约 286.7 万美元，这下一把子都回来了","燕子回来了！💪

「先定 10 个大目标」老哥晒图展示其 $BTC 空单已浮盈 1222.5 万美元，但具体仓位和开仓点位并未露出

05.06 时他止损 BTC 空单最大亏损约 286.7 万美元，这下一把子都回来了",webhook,,BTC,BTCUSDT,BTCUSDT,macro,observe,4,market_wide,high,high,true,include,,market_wide_event,115,"has_asset,has_binance_symbol,time_ok,typed_event,asset_confidence_high,time_confidence_high,importance_ge_4",include,high,2026-05-19T01:57:11Z,196.1614,mature_72h,true,human_review,,,alpha_candidate,whale_position,whale_wallet_position,,73.5,T1,BTC,BTCUSDT,BTCUSDT,BTC,BTCUSDT,BTCUSDT,whale_position,True,true
cand_00304,news:1023:433959eb334ddec6,2026-05-18T20:00:00Z,2026-05-19 04:00:00 UTC+8,2026-05-18T20:00:00Z,2026-05-19 04:00:00 UTC+8,,,,UTC,source_rule:news:cryptonews,,2026-05-19 04:00:00 UTC+8,2026-05-18T20:00:00Z,2026-05-19 04:00:00 UTC+8,published_at,Asia/Shanghai_for_naive_time,ok,,Kraken revenue hits $507m in Q1 despite slump,"Kraken revenue rose 3% year-on-year to $507m in Q1 2026 as futures trading jumped 51%, Payward said Monday.

Payward, Kraken’s Wyoming-based parent company, said in a Monday press release that it generated $507 million in Q1 2026 adjusted revenue, up 3% from the same quarter a year earlier. Bitcoin fell 22% during the quarter and industry-wide spot trading volume dropped 38%, yet Payward’s diversified platform cushioned the decline.

A year earlier, Payward had reported $492 million in Q1 2025 adjusted revenue, making the 3% year-on-year gain notable given the steeper market downturn this cycle.

Co-CEO Arjun Sethi said in the release: “Where others pulled back, we leaned in.” Growth in futures and newer business lines offset weakness in core crypto markets, with Kraken’s spot market share rising to 5.2% in March from roughly 3.5% in mid-2025.

Rival platforms reported sharper declines in trading revenue over the same period. Payward attributed its resilience to its stronger institutional business and growing derivatives offering, built partly through its $550 million acquisition of CFTC-licensed platform Bitnomial, which crypto.news covered when the deal completed on May 4.

Total platform transaction volume reached $357 billion in Q1, while funded accounts rose 47% year-on-year to 6.1 million and assets on platform reached $40 billion.

Adjusted EBITDA fell to $18 million as Payward continued investing in acquisitions including tokenization platform Backed, token management firm Magna, Bitnomial, and payments company Reap.

Crypto.news reported that non-trading revenue sources including custody, payments, and financing accounted for 53% of Payward’s 2025 total, a structural shift that reduces dependence on volatile trading volumes.

Payward filed its draft S-1 with the SEC confidentially in November 2025 but paused the process in March, citing market conditions. Sources indicate a public listing may slip to 2027. The exchange also cut approximately 150 employees in May, attributing the reductions to AI-driven operational efficiencies, representing roughly 5% of its total workforce.

Payward’s M&A push positions it as the most comprehensively regulated crypto derivatives platform in the US. Crypto.news documented how the Bitnomial deal and Deutsche Börse’s $200 million stake established Payward as a regulated hub for digital asset futures and options inside the US, with its IPO filing remaining active.",news:cryptonews,https://crypto.news/kraken-revenue-hits-507m-in-q1-despite-slump/,BTC,BTCUSDT,BTCUSDT,macro,observe,4,market_wide,high,high,true,include,,market_wide_event,115,"has_asset,has_binance_symbol,time_ok,typed_event,asset_confidence_high,time_confidence_high,importance_ge_4",include,high,2026-05-18T20:00:00Z,202.1144,mature_72h,true,human_review,,,macro_policy,institutional_flow,etf_or_fund_flow,,72.0,T2,BTC,BTCUSDT,BTCUSDT,BTC,BTCUSDT,BTCUSDT,institutional_flow,True,true
cand_00117,2056522722461761612,2026-05-18T23:50:00Z,2026-05-19 07:50:00 UTC+8,2026-05-18T23:50:00Z,2026-05-19 07:50:00 UTC+8,,,,Asia/Shanghai,source_rule:webhook,,2026-05-19 07:50:00 UTC+8,2026-05-18T23:50:00Z,2026-05-19 07:50:00 UTC+8,published_at,Asia/Shanghai_for_naive_time,ok,,"Exploit Alert 🚨

According to @dcfgod, @EchoProtocol_ on @monad has been exploited.

The attacker reportedly minted 1,00","Exploit Alert 🚨

According to @dcfgod, @EchoProtocol_ on @monad has been exploited.

The attacker reportedly minted 1,000 $eBTC worth $76.7M and used a previously tested exploit flow to extract funds through Curvance.

So far, the exploiter has:

• Deposited 45 $eBTC ($3.45M) into Curvance as collateral
• Borrowed ~11.29 $WBTC ($867.7K) against it
• Bridged the $WBTC to #Ethereum
• Swapped the funds into $ETH
• Sent 385 $ETH (~$818K) to #TornadoCash

The attacker still appears to control a significant amount of minted $eBTC.

https://t.co/YDPfoYULvD",webhook,,ETH,ETHUSDT,ETHUSDT,hack_security,risk,4,single_asset,high,high,false,include,,,130,"has_asset,has_binance_symbol,time_ok,typed_event,single_asset,asset_confidence_high,time_confidence_high,importance_ge_4",include,high,2026-05-18T23:50:00Z,198.2811,mature_72h,true,human_review,,,alpha_candidate,hack_security,exploit_or_theft,multiple_assets_detected,70.75,T1,ETH,ETHUSDT,ETHUSDT,ETH,ETHUSDT,ETHUSDT,hack_security,True,true
cand_00047,2056545124453327243,2026-05-19T01:19:01Z,2026-05-19 09:19:01 UTC+8,2026-05-19T01:19:01Z,2026-05-19 09:19:01 UTC+8,,,,Asia/Shanghai,source_rule:webhook,,2026-05-19 09:19:01 UTC+8,2026-05-19T01:19:01Z,2026-05-19 09:19:01 UTC+8,published_at,Asia/Shanghai_for_naive_time,ok,,Lookonchain：过去4天内发生3起重大黑客攻击事件,"币界网消息，据Lookonchain监测，过去4天内链上连续发生3起重大黑客攻击事件。其中，Thorchain于5月15日被盗超1000万美元Verus-Ethereum跨链桥于5月18日被盗约1150万美元。今日最新发生的一起攻击针对Echo Protocol，黑客恶意铸造了1,000枚eBTC（价值约7664万美元），并已借此窃取了385枚ETH（价值约82.1万美元）。",webhook,,ETH,ETHUSDT,ETHUSDT,hack_security,risk,4,single_asset,high,high,true,include,,market_wide_event,130,"has_asset,has_binance_symbol,time_ok,typed_event,single_asset,asset_confidence_high,time_confidence_high,importance_ge_4",include,high,2026-05-19T01:19:01Z,196.7975,mature_72h,true,human_review,,,alpha_candidate,hack_security,exploit_or_theft,multiple_assets_detected,70.75,T1,ETH,ETHUSDT,ETHUSDT,ETH,ETHUSDT,ETHUSDT,hack_security,True,true
cand_00011,2056561304169812267,2026-05-19T02:23:18Z,2026-05-19 10:23:18 UTC+8,2026-05-19T02:23:18Z,2026-05-19 10:23:18 UTC+8,,,,Asia/Shanghai,source_rule:webhook,,2026-05-19 10:23:18 UTC+8,2026-05-19T02:23:18Z,2026-05-19 10:23:18 UTC+8,published_at,Asia/Shanghai_for_naive_time,ok,,黑客攻击Monad Echo协议，损失约7600万美元,"币界网消息，据Lookonchain报道，Monad Echo协议遭遇重大黑客攻击，攻击者铸造了1,000枚eBTC，价值约7660万美元。黑客allegedly将部分资金作为抵押在Curvance借入WBTC，并将资产跨链至以太坊，随后将其兑换为ETH，并通过Tornado Cash转移了约385 ETH。目前，攻击者仍控制着约955枚eBTC，价值超过7300万美元。这已是短短4天内发生的第三起重大加密攻击事件。",webhook,,ETH,ETHUSDT,ETHUSDT,hack_security,risk,4,single_asset,high,high,true,include,,market_wide_event,130,"has_asset,has_binance_symbol,time_ok,typed_event,single_asset,asset_confidence_high,time_confidence_high,importance_ge_4",include,high,2026-05-19T02:23:18Z,195.7261,mature_72h,true,human_review,,,alpha_candidate,hack_security,exploit_or_theft,multiple_assets_detected,70.75,T1,ETH,ETHUSDT,ETHUSDT,ETH,ETHUSDT,ETHUSDT,hack_security,True,true
cand_00339,2056454065106698551,2026-05-18T19:17:10Z,2026-05-19 03:17:10 UTC+8,2026-05-18T19:17:10Z,2026-05-19 03:17:10 UTC+8,,,,Asia/Shanghai,source_rule:webhook,,2026-05-19 03:17:10 UTC+8,2026-05-18T19:17:10Z,2026-05-19 03:17:10 UTC+8,published_at,Asia/Shanghai_for_naive_time,ok,,JUST IN: Pro-Bitcoin Kevin Warsh to be sworn in as Federal Reserve Chair this Friday 👀🇺🇸 https://t.co/61p7sCHfHu,JUST IN: Pro-Bitcoin Kevin Warsh to be sworn in as Federal Reserve Chair this Friday 👀🇺🇸 https://t.co/61p7sCHfHu,webhook,,BTC,BTCUSDT,BTCUSDT,macro,observe,4,market_wide,high,high,true,include,,market_wide_event,115,"has_asset,has_binance_symbol,time_ok,typed_event,asset_confidence_high,time_confidence_high,importance_ge_4",include,high,2026-05-18T19:17:10Z,202.8283,mature_72h,true,human_review,,,macro_policy,regulation_macro,macro,,70.5,T2,BTC,BTCUSDT,BTCUSDT,BTC,BTCUSDT,BTCUSDT,regulation_macro,True,true
cand_00112,news:1023:d02ce594fb7bcd90,2026-05-19T00:00:00Z,2026-05-19 08:00:00 UTC+8,2026-05-19T00:00:00Z,2026-05-19 08:00:00 UTC+8,,,,UTC,source_rule:news:cryptonews,,2026-05-19 08:00:00 UTC+8,2026-05-19T00:00:00Z,2026-05-19 08:00:00 UTC+8,published_at,Asia/Shanghai_for_naive_time,ok,,Galaxy Digital wins New York BitLicense,"Galaxy Digital secured a BitLicense from New York on May 18 to offer regulated crypto services to institutions.

Galaxy Digital announced on May 18 that the New York State Department of Financial Services granted its subsidiary GalaxyOne Prime NY both a BitLicense and a Money Transmission License.

The approvals authorise Galaxy to offer regulated digital asset trading and custody services to institutions across New York State, including registered investment advisers, hedge funds, and family offices on a platform managing approximately $9 billion in client assets.

“New York is home to the deepest pool of institutional capital in the country, and digital assets are no longer sitting at the edge of those allocations,” said Mike Novogratz, Galaxy’s founder and CEO, in a statement.

Galaxy becomes only the second firm to receive a BitLicense in 2026, following bitcoin payments firm Strike, which secured NYDFS approval in March.

The framework, introduced in 2015, is one of the strictest crypto licensing regimes in the US, requiring capital minimums, ongoing compliance reviews, and cybersecurity oversight. Only around 40 companies have been approved since launch. New York now joins Galaxy’s regulatory network of more than 50 global licences.

As crypto.news reported , Galaxy research head Alex Thorn has been closely tracking institutional Bitcoin allocations throughout 2026. The New York BitLicense gives Galaxy’s trading and custody platform direct access to the institutions driving those flows, in a state that holds the largest concentration of hedge funds and investment advisers in the US.

BitLicense holders include Coinbase, Robinhood, Circle, and PayPal, making Galaxy’s approval a signal that NYDFS continues selectively admitting crypto firms. As crypto.news documented in its 2025 coverage of Galaxy’s Q2 results, the firm has been building out its data center and AI infrastructure alongside its digital asset platform.

The New York licence now opens one of the world’s largest institutional pools to a firm that generated record results in Global Markets last year and has expanded its data center operations significantly since.

Galaxy’s shares fell 2.36% to $28.91 in pre-market trading on Monday despite the approval, reflecting broader market weakness on the day.",news:cryptonews,https://crypto.news/galaxy-digital-wins-new-york-bitlicense/,BTC,BTCUSDT,BTCUSDT,macro,observe,4,market_wide,high,high,true,include,,market_wide_event,115,"has_asset,has_binance_symbol,time_ok,typed_event,asset_confidence_high,time_confidence_high,importance_ge_4",include,high,2026-05-19T00:00:00Z,198.1144,mature_72h,true,human_review,,,macro_policy,regulation_macro,license,,70.5,T2,BTC,BTCUSDT,BTCUSDT,BTC,BTCUSDT,BTCUSDT,regulation_macro,True,true
cand_00324,news:1023:0b5e5f49d6fd3a14,2026-05-18T19:37:15Z,2026-05-19 03:37:15 UTC+8,2026-05-18T19:37:15Z,2026-05-19 03:37:15 UTC+8,,,,UTC,source_rule:news:cryptonews,,2026-05-19 03:37:15 UTC+8,2026-05-18T19:37:15Z,2026-05-19 03:37:15 UTC+8,published_at,Asia/Shanghai_for_naive_time,ok,,Leopold Aschenbrenner bets $13.6b on miners,"Ex-OpenAI researcher Leopold Aschenbrenner’s Situational Awareness fund has doubled to $13.67b, with Bitcoin miners as its top long positions.

Aschenbrenner, who was fired from OpenAI in 2024 over an alleged information leak, filed the fund’s Q1 2026 13F with the SEC on May 15, with the regulator accepting it on May 18. The document shows disclosed equity exposure more than doubling from $5.52 billion at end-2025 to $13.67 billion as of March 31.

The largest long positions span Bitcoin miners IREN, Core Scientific, Riot Platforms, CleanSpark, Bitfarms, Bitdeer, and Hive Digital, alongside energy and compute plays Bloom Energy, SanDisk, and CoreWeave. As Fortune noted in its March profile, the thesis holds that “the most valuable assets in the AI era may not be algorithms, but electricity and computing power.”

Aschenbrenner’s investment logic holds that AI buildout will be bottlenecked by power and land, not chips. Bitcoin miners already hold high-density power sites and grid access that AI companies cannot replicate quickly. His 165-page “Situational Awareness: The Decade Ahead” paper argued that compute infrastructure, not model development, would determine the pace of AGI progress.

The trend is reshaping reported earnings across the sector. As crypto.news reported , TeraWulf’s AI and HPC hosting revenue of $21 million outpaced Bitcoin mining revenue for the first time in Q1 2026. Core Scientific, among Aschenbrenner’s disclosed holdings, has announced plans to repurpose its Pecos site into a 1.5GW AI data center campus, repurposing 300MW of existing mining capacity.

Alongside the miner longs, the fund opened $7.46 billion in put options against the chip sector. The largest positions were $2.04 billion against the VanEck Semiconductor ETF, $1.57 billion against Nvidia, $1.07 billion against Oracle, and $1.01 billion against Broadcom, the filing shows.

The pairing makes the thesis internally consistent: if AI value accrues to power sites rather than chip makers, semiconductor valuations face compression even as infrastructure operators gain.

Crypto.news documented this broader miner pivot in an earlier analysis of firms leaping into HPC , noting that companies from Bitdeer to Riot are accelerating the conversion of mining facilities into AI data centers. Full Q1 holdings data is available at the Situational Awareness LP 13F tracker on 13f.info.",news:cryptonews,https://crypto.news/leopold-aschenbrenner-bets-13-6b-on-miners/,BTC,BTCUSDT,BTCUSDT,institutional_flow,observe,4,single_asset,high,high,false,include,,,130,"has_asset,has_binance_symbol,time_ok,typed_event,single_asset,asset_confidence_high,time_confidence_high,importance_ge_4",include,high,2026-05-18T19:37:15Z,202.4936,mature_72h,true,human_review,,,research_only,institutional_flow,etf_or_fund_flow,,69.75,T3,BTC,BTCUSDT,BTCUSDT,BTC,BTCUSDT,BTCUSDT,institutional_flow,True,true
cand_00160,2056505718988275732,2026-05-18T22:42:26Z,2026-05-19 06:42:26 UTC+8,2026-05-18T22:42:26Z,2026-05-19 06:42:26 UTC+8,,,,Asia/Shanghai,source_rule:webhook,,2026-05-19 06:42:26 UTC+8,2026-05-18T22:42:26Z,2026-05-19 06:42:26 UTC+8,published_at,Asia/Shanghai_for_naive_time,ok,,以太坊质押比例上升至31%，长期持有者信心依旧,币界网消息，据The Block报道，尽管以太坊年内价格已下跌约26%，但其质押比例由年初的约29%升至总供应量的约31%。持续增长的质押规模显示，长期持有者在价格承压及链上风险仍存的情况下，依然对以太坊保持信心，并逐步减少市场流通供应。随着现货以太坊ETF发展及以太坊上代币化活动扩张，机构对质押以太坊的需求可能为质押生态带来新的结构性资金流入，但是否会进一步传导至以太坊价格，仍取决于机构资金的实际配置进展。,webhook,,ETH,ETHUSDT,ETHUSDT,staking_governance,observe,3,single_asset,high,high,false,include,,,120,"has_asset,has_binance_symbol,time_ok,typed_event,single_asset,asset_confidence_high,time_confidence_high",include,high,2026-05-18T22:42:26Z,199.4072,mature_72h,true,human_review,,,research_only,institutional_flow,etf_or_fund_flow,possible_price_recap,69.75,T3,ETH,ETHUSDT,ETHUSDT,ETH,ETHUSDT,ETHUSDT,institutional_flow,True,true
cand_00016,2056558668813148369,2026-05-19T02:12:50Z,2026-05-19 10:12:50 UTC+8,2026-05-19T02:12:50Z,2026-05-19 10:12:50 UTC+8,,,,Asia/Shanghai,source_rule:webhook,,2026-05-19 10:12:50 UTC+8,2026-05-19T02:12:50Z,2026-05-19 10:12:50 UTC+8,published_at,Asia/Shanghai_for_naive_time,ok,,"5/18 Ethereum ETF Net Flow: $-84.14m
$ETHA (BlackRock): –$55.40m
$FETH (Fidelity): –$14.70m
$ETHW (Bitwise): $0.00m
$TET","5/18 Ethereum ETF Net Flow: $-84.14m
$ETHA (BlackRock): –$55.40m
$FETH (Fidelity): –$14.70m
$ETHW (Bitwise): $0.00m
$TETH (21Shares): $0.00m
$QETH (Invesco): $0.00m
$EZET (Franklin): $0.00m
$ETHV (VanEck): $0.00m
$ETHB (BlackRock Staked): –$0.01m
$ETHE (Grayscale): –$3.96m
$ETH (Grayscale mini): –$10.08m",webhook,,ETH,ETHUSDT,ETHUSDT,staking_governance,observe,3,single_asset,high,high,false,include,,,120,"has_asset,has_binance_symbol,time_ok,typed_event,single_asset,asset_confidence_high,time_confidence_high",include,high,2026-05-19T02:12:50Z,195.9006,mature_72h,true,human_review,,,research_only,institutional_flow,etf_or_fund_flow,,69.75,T3,ETH,ETHUSDT,ETHUSDT,ETH,ETHUSDT,ETHUSDT,institutional_flow,True,true
cand_00482,2056418026870743250,2026-05-18T16:53:58Z,2026-05-19 00:53:58 UTC+8,2026-05-18T16:53:58Z,2026-05-19 00:53:58 UTC+8,,,,Asia/Shanghai,source_rule:webhook,,2026-05-19 00:53:58 UTC+8,2026-05-18T16:53:58Z,2026-05-19 00:53:58 UTC+8,published_at,Asia/Shanghai_for_naive_time,ok,,Bitwise to add HYPE to balance sheet using fees from Hyperliquid ETF,Bitwise to add HYPE to balance sheet using fees from Hyperliquid ETF,webhook,,HYPE,,HYPEUSDT,institutional_flow,observe,4,single_asset,high,high,false,include,,,85,"has_asset,missing_symbol,time_ok,typed_event,single_asset,asset_confidence_high,time_confidence_high,importance_ge_4",include,high,2026-05-18T16:53:58Z,205.215,mature_72h,true,human_review,,,research_only,institutional_flow,etf_or_fund_flow,,69.75,T3,HYPE,,HYPEUSDT,HYPE,,HYPEUSDT,institutional_flow,True,true
cand_00365,2056445967503917562,2026-05-18T18:45:00Z,2026-05-19 02:45:00 UTC+8,2026-05-18T18:45:00Z,2026-05-19 02:45:00 UTC+8,,,,Asia/Shanghai,source_rule:webhook,,2026-05-19 02:45:00 UTC+8,2026-05-18T18:45:00Z,2026-05-19 02:45:00 UTC+8,published_at,Asia/Shanghai_for_naive_time,ok,,Bitwise将用10%管理费购买$HYPE,币界网消息，Bitwise宣布将使用其BHYP Hyperliquid ETF管理费的10%来购买并持有$HYPE代币。此外，99%的区块链收入将用于回购和销毁HYPE代币。,webhook,,HYPE,,HYPEUSDT,institutional_flow,observe,4,single_asset,high,high,false,include,,,85,"has_asset,missing_symbol,time_ok,typed_event,single_asset,asset_confidence_high,time_confidence_high,importance_ge_4",include,high,2026-05-18T18:45:00Z,203.3644,mature_72h,true,human_review,,,research_only,institutional_flow,etf_or_fund_flow,,69.75,T3,HYPE,,HYPEUSDT,HYPE,,HYPEUSDT,institutional_flow,True,true
cand_00064,2056540423603024257,2026-05-19T01:00:20Z,2026-05-19 09:00:20 UTC+8,2026-05-19T01:00:20Z,2026-05-19 09:00:20 UTC+8,,,,Asia/Shanghai,source_rule:webhook,,2026-05-19 09:00:20 UTC+8,2026-05-19T01:00:20Z,2026-05-19 09:00:20 UTC+8,published_at,Asia/Shanghai_for_naive_time,ok,,"🔥 BULLISH: Bitwise announces it will hold $HYPE on its balance sheet, allocating 10% of its Hyperliquid ETF (BHYP) manag","🔥 BULLISH: Bitwise announces it will hold $HYPE on its balance sheet, allocating 10% of its Hyperliquid ETF (BHYP) management fee directly toward the token. https://t.co/f1Canng0BA",webhook,,HYPE,,HYPEUSDT,institutional_flow,observe,4,single_asset,high,high,false,include,,,85,"has_asset,missing_symbol,time_ok,typed_event,single_asset,asset_confidence_high,time_confidence_high,importance_ge_4",include,high,2026-05-19T01:00:20Z,197.1089,mature_72h,true,human_review,,,research_only,institutional_flow,etf_or_fund_flow,,69.75,T3,HYPE,,HYPEUSDT,HYPE,,HYPEUSDT,institutional_flow,True,true
cand_00124,2056519415211192670,2026-05-18T23:36:51Z,2026-05-19 07:36:51 UTC+8,2026-05-18T23:36:51Z,2026-05-19 07:36:51 UTC+8,,,,Asia/Shanghai,source_rule:webhook,,2026-05-19 07:36:51 UTC+8,2026-05-18T23:36:51Z,2026-05-19 07:36:51 UTC+8,published_at,Asia/Shanghai_for_naive_time,ok,,"#PeckShieldAlert @dcfgod reports that @EchoProtocol_ was hacked on @monad 

The hacker minted 1k $eBTC ($76.7M) &, utili","#PeckShieldAlert @dcfgod reports that @EchoProtocol_ was hacked on @monad 

The hacker minted 1k $eBTC ($76.7M) &, utilizing the tested flow, deposited 45 $eBTC ($3.45M) into Curvance. They then borrowed ~11.29 $WBTC ($867.7K) against it, bridged the $WBTC to #Ethereum, swapped them for $ETH, and sent 384 $ETH (~$821.7K) to #TornadoCash.",webhook,,BTC,BTCUSDT,BTCUSDT,hack_security,risk,4,single_asset,high,high,false,include,,,130,"has_asset,has_binance_symbol,time_ok,typed_event,single_asset,asset_confidence_high,time_confidence_high,importance_ge_4",include,high,2026-05-18T23:36:51Z,198.5003,mature_72h,true,human_review,,,alpha_candidate,hack_security,exploit_or_theft,"multiple_assets_detected,candidate_asset_mismatch",69.25,T1,BTC,BTCUSDT,BTCUSDT,BTC,BTCUSDT,BTCUSDT,hack_security,True,true
cand_00105,2056526392758788419,2026-05-19T00:04:35Z,2026-05-19 08:04:35 UTC+8,2026-05-19T00:04:35Z,2026-05-19 08:04:35 UTC+8,,,,Asia/Shanghai,source_rule:webhook,,2026-05-19 08:04:35 UTC+8,2026-05-19T00:04:35Z,2026-05-19 08:04:35 UTC+8,published_at,Asia/Shanghai_for_naive_time,ok,,链上监测：黑客在Monad平台上铸造1000枚EBTC并洗钱,"币界网消息，据链上监测平台Lookonchain报道，最近发生了一起黑客攻击事件。黑客在Monad平台上铸造了1000枚$EBTC（约合7664万美元），随后将45枚$EBTC（约合345万美元）存入Curvance，借入11.3枚$WBTC（约合867,000美元），并将其跨链至以太坊，兑换为385枚$ETH（约合821,000美元）。最后，黑客将这385枚$ETH存入Tornado Cash进行洗钱，目前仍持有955枚$EBTC（约合7320万美元）。",webhook,,BTC,BTCUSDT,BTCUSDT,hack_security,risk,4,single_asset,high,high,true,include,,market_wide_event,130,"has_asset,has_binance_symbol,time_ok,typed_event,single_asset,asset_confidence_high,time_confidence_high,importance_ge_4",include,high,2026-05-19T00:04:35Z,198.0381,mature_72h,true,human_review,,,alpha_candidate,hack_security,exploit_or_theft,"multiple_assets_detected,candidate_asset_mismatch",69.25,T1,BTC,BTCUSDT,BTCUSDT,BTC,BTCUSDT,BTCUSDT,hack_security,True,true
cand_00041,2056546956189765686,2026-05-19T01:26:17Z,2026-05-19 09:26:17 UTC+8,2026-05-19T01:26:17Z,2026-05-19 09:26:17 UTC+8,,,,Asia/Shanghai,source_rule:webhook,,2026-05-19 09:26:17 UTC+8,2026-05-19T01:26:17Z,2026-05-19 09:26:17 UTC+8,published_at,Asia/Shanghai_for_naive_time,ok,,"近三天囤积的 ETH 数量增长至 6627.79 枚，价值 1427.6 万美元😆

「曾在 2016 年以均价 $3.45 建仓 11004 枚 $ETH 并获利 3038 万美金的聪明钱」10 小时前再次于链上买入 1344.18 枚","近三天囤积的 ETH 数量增长至 6627.79 枚，价值 1427.6 万美元😆

「曾在 2016 年以均价 $3.45 建仓 11004 枚 $ETH 并获利 3038 万美金的聪明钱」10 小时前再次于链上买入 1344.18 枚 ETH（283 万美元）；目前新建仓部分的平均成本为 $2153.95，现浮亏 16.5 万美元，链上的 USDC 已全部用于建仓

钱包地址 https://t.co/roe94Md9NY

#Bitget 来了就是VIP！Crypto、美股、CFD，全球先机一站布局",webhook,,ETH,ETHUSDT,ETHUSDT,macro,observe,4,market_wide,high,high,true,include,,market_wide_event,115,"has_asset,has_binance_symbol,time_ok,typed_event,asset_confidence_high,time_confidence_high,importance_ge_4",include,high,2026-05-19T01:26:17Z,196.6764,mature_72h,true,human_review,,,alpha_candidate,whale_position,whale_wallet_position,,68.25,T1,ETH,ETHUSDT,ETHUSDT,ETH,ETHUSDT,ETHUSDT,whale_position,True,true
cand_00456,news:1029:025910545d4c28a2,2026-05-18T17:11:22Z,2026-05-19 01:11:22 UTC+8,2026-05-18T17:11:22Z,2026-05-19 01:11:22 UTC+8,,,,Asia/Shanghai,default_china,,2026-05-19 01:11:22 UTC+8,2026-05-18T17:11:22Z,2026-05-19 01:11:22 UTC+8,published_at,Asia/Shanghai_for_naive_time,ok,,Ethereum's Vitalik Buterin Explains How AI Could Make Smart Contracts Truly Secure,"Writer by choice, CryptoCurrency Writer, and Researcher by chance. Currently, focusing on financial news and analysis, as well as cryptocurrency news and data. One may not call me a crypto “Enthusiast” but trust me I'm getting there.

Writer by choice, CryptoCurrency Writer, and Researcher by chance. Currently, focusing on financial news and analysis, as well as cryptocurrency news and data. One may not call me a crypto “Enthusiast” but trust me I'm getting there.

Writer by choice, CryptoCurrency Writer, and Researcher by chance. Currently, focusing on financial news and analysis, as well as cryptocurrency news and data. One may not call me a crypto “Enthusiast” but trust me I'm getting there.

Ethereum co-founder Vitalik Buterin has published a detailed argument that AI-assisted formal verification could fundamentally change how secure software is built, pushing back against growing pessimism in the cybersecurity community about whether trustless systems can survive increasingly powerful AI-driven attacks.

“Many people have claimed that with AI-assisted bug finding, secure code will be impossible,” Buterin wrote. “I have a much more optimistic take, and AI-assisted formal verification is a major part of the reason why.”

Formal verification is the practice of writing mathematical proofs about code that can be checked automatically by a computer. Rather than testing software and hoping bugs do not appear, developers write proofs that mathematically guarantee a piece of code behaves exactly as intended under all conditions.

Many people have claimed that with AI-assisted bug finding, secure code (and hence trustless anything) will be impossible. I have a much more optimistic take, and AI-assisted formal verification is a major part of the reason why: https://t.co/0ceMBZ6uqj

The technology has existed for decades but remained niche because writing these proofs by hand is extremely difficult and time-consuming. Buterin’s argument is that AI changes this equation dramatically. AI can write both the code and the proofs, while humans simply verify that the statements being proved match what they actually want the software to do.

He described this combination as what researcher Yoichi Hirai calls “the final form of software development.”

Buterin pointed to several areas where formal verification is already being applied within Ethereum’s development ecosystem. These include quantum-resistant signatures, STARK proof systems, consensus algorithms, and ZK-EVMs, all areas where the security properties are simple to define even though the underlying code is extraordinarily complex.

Projects like Arklib are working toward a fully formally verified STARK implementation. The evm-asm project is building an entire EVM written directly in RISC-V assembly, verified mathematically against a human-readable reference implementation. Byzantine fault-tolerant consensus protocols are also being formally specified and verified in Lean.

The main insight is that for these systems the gap between what the code does and what it is supposed to do can be closed with mathematical certainty rather than probabilistic testing.

Buterin was careful not to overstate the case. Formal verification has real failure modes. Proofs can be written about only part of a system while critical bugs hide in unverified sections. Developers can forget to specify properties that matter. The formal specification itself can be wrong. Hardware vulnerabilities like side-channel attacks can bypass even mathematically correct software.

“Provable correctness does not prove that software is correct in the way most human beings understand correctness,” he wrote. What formal verification actually does is allow developers to express their intentions in multiple different redundant ways and automatically check that all those expressions are compatible with each other.

Buterin described an optimistic future where software splits into two layers. An insecure edge layer handles lower-stakes functions, runs in sandboxes, and operates with minimal permissions. A secure core handles everything critical, including Ethereum itself, operating system kernels, and sensitive IoT infrastructure.

The secure core is kept deliberately small and subjected to aggressive formal verification. AI brings the computational power to make verification practical at scale. The result is not software with zero bugs but software where the most critical components can be trusted with mathematical confidence rather than hope.

“Defenders finally have a chance to win, decisively,” he concluded, citing Mozilla’s own experience hardening its codebase against AI-assisted attack tools.",news:coinpedia,https://coinpedia.org/news/ethereums-vitalik-buterin-explains-how-ai-could-make-smart-contracts-truly-secure/,ETH,ETHUSDT,ETHUSDT,macro,observe,4,market_wide,high,high,true,include,,market_wide_event,115,"has_asset,has_binance_symbol,time_ok,typed_event,asset_confidence_high,time_confidence_high,importance_ge_4",include,high,2026-05-18T17:11:22Z,204.925,mature_72h,true,human_review,,,macro_policy,regulation_macro,regulation,,68.0,T2,ETH,ETHUSDT,ETHUSDT,ETH,ETHUSDT,ETHUSDT,regulation_macro,True,true
cand_00134,news:1023:5acbf76607abcf59,2026-05-18T23:20:00Z,2026-05-19 07:20:00 UTC+8,2026-05-18T23:20:00Z,2026-05-19 07:20:00 UTC+8,,,,UTC,source_rule:news:cryptonews,,2026-05-19 07:20:00 UTC+8,2026-05-18T23:20:00Z,2026-05-19 07:20:00 UTC+8,published_at,Asia/Shanghai_for_naive_time,ok,,Revolut launches first physical crypto card,"Revolut launched its first physical crypto card on May 18, a Dogecoin-themed LED card for the UK and EEA.

Revolut announced on May 18 that it is launching its first physical crypto card, a Dogecoin-themed debit card with an LED display that illuminates at the point of payment. The card works anywhere Visa and Mastercard are accepted, with an initial rollout in the UK and EEA.

Our first physical crypto card: – Dogeeeeeeeee – Zero exchange fees – LED lights up when you tap to pay – Spend everywhere Visa and Mastercard are accepted Available in the UK and EEA (except Hungary, Switzerland and Portugal). Initial supplies may be limited. Crypto card…

The firm said there are no additional exchange fees on crypto payments, though transactions are subject to real-time exchange rates at the point of purchase and may create tax obligations depending on local rules. Revolut converts users’ crypto to fiat automatically at checkout, meaning merchants receive standard settlement currency without touching digital assets directly.

The physical card links to users’ crypto balances and handles the conversion in the background. That removes the primary friction point that has kept crypto spending separate from everyday consumer finance: the need to manually convert before each purchase. Spending limits include a £100,000 cap per transaction and a maximum of 100 exchanges within any 24-hour period.

As crypto.news reported just days earlier, Revolut also secured FCA permissions for leveraged investment products, discretionary portfolio management, and advisory services.

The crypto card launch sits within a broader regulatory and product expansion that also includes its full UK banking licence received in March 2026 and a US banking charter application filed the same month. Revolut serves over 70 million users globally.

Revolut’s distribution scale is the headline fact here. As crypto.news documented in its crypto cards guide, consumer appetite for crypto-linked debit products has grown steadily in 2026 alongside regulatory clarity. Adding a physical card to a 70-million-user platform creates a potential mass adoption vehicle that most crypto-native card products have lacked.

The company’s earlier US banking licence application signals the card will eventually expand beyond the UK and EEA, potentially bringing crypto spending to one of the world’s largest consumer markets.

Tax treatment remains the main practical barrier: crypto payments are taxable sale events in most jurisdictions, meaning frequent spenders need clear record-keeping infrastructure to manage cost basis and gains.",news:cryptonews,https://crypto.news/revolut-launches-first-physical-crypto-card/,DOGE,DOGEUSDT,DOGEUSDT,macro,observe,4,market_wide,high,high,true,include,,market_wide_event,115,"has_asset,has_binance_symbol,time_ok,typed_event,asset_confidence_high,time_confidence_high,importance_ge_4",include,high,2026-05-18T23:20:00Z,198.7811,mature_72h,true,human_review,,,macro_policy,project_business,payment_adoption,,67.5,T2,DOGE,DOGEUSDT,DOGEUSDT,DOGE,DOGEUSDT,DOGEUSDT,project_business,True,true
cand_00098,news:2012:99901605d5dbd92d,2026-05-19T00:11:04Z,2026-05-19 08:11:04 UTC+8,2026-05-19T00:11:04Z,2026-05-19 08:11:04 UTC+8,,,,Asia/Shanghai,default_china,,2026-05-19 08:11:04 UTC+8,2026-05-19T00:11:04Z,2026-05-19 08:11:04 UTC+8,published_at,Asia/Shanghai_for_naive_time,ok,,WorldCoin团队将1318枚WLD存入Coinbase,据 Onchain Lens 监测，WorldCoin 团队将 1318 枚 WLD 存入 Coinbase，价值 309 万美元。,news:odaily_exchange_gap,https://www.odaily.news/zh-CN/newsflash/482295,WLD,WLDUSDT,WLDUSDT,macro,observe,4,market_wide,medium,high,true,include,,market_wide_event,105,"has_asset,has_binance_symbol,time_ok,typed_event,time_confidence_high,importance_ge_4",include,high,2026-05-19T00:11:04Z,197.93,mature_72h,true,human_review,,,alpha_candidate,whale_position,whale_wallet_position,candidate_asset_mismatch,67.0,T1,WLD,WLDUSDT,WLDUSDT,WLD,WLDUSDT,WLDUSDT,whale_position,True,true
cand_00079,news:2012:c5a057a47f1d5136,2026-05-19T00:34:50Z,2026-05-19 08:34:50 UTC+8,2026-05-19T00:34:50Z,2026-05-19 08:34:50 UTC+8,,,,Asia/Shanghai,default_china,,2026-05-19 08:34:50 UTC+8,2026-05-19T00:34:50Z,2026-05-19 08:34:50 UTC+8,published_at,Asia/Shanghai_for_naive_time,ok,,Ondo项目方多签钱包过去2个月向Coinbase等交易所累计转移超3.28亿枚ONDO,据链上分析师余烬监测，在过去 2 个月时间里，Ondo 项目方的多签钱包就向 Coinbase 等交易所累计转移了超过 3.28 亿枚 ONDO (9842 万美元)。,news:odaily_exchange_gap,https://www.odaily.news/zh-CN/newsflash/482310,ONDO,ONDOUSDT,ONDOUSDT,macro,observe,4,market_wide,medium,high,true,include,,market_wide_event,105,"has_asset,has_binance_symbol,time_ok,typed_event,time_confidence_high,importance_ge_4",include,high,2026-05-19T00:34:50Z,197.5339,mature_72h,true,human_review,,,alpha_candidate,whale_position,whale_wallet_position,candidate_asset_mismatch,67.0,T1,ONDO,ONDOUSDT,ONDOUSDT,ONDO,ONDOUSDT,ONDOUSDT,whale_position,True,true
cand_00023,2056555401248977196,2026-05-19T01:59:51Z,2026-05-19 09:59:51 UTC+8,2026-05-19T01:59:51Z,2026-05-19 09:59:51 UTC+8,,,,Asia/Shanghai,source_rule:webhook,,2026-05-19 09:59:51 UTC+8,2026-05-19T01:59:51Z,2026-05-19 09:59:51 UTC+8,published_at,Asia/Shanghai_for_naive_time,ok,,比特币ETF总净流出达6.49亿美元，创2026年第三大流出,币界网消息，5月18日比特币ETF总净流出为6.4861亿美元，成为2026年第三大流出。其中，黑石的$IBIT流出4.4833亿美元，富达的$FBTC流出6342万美元，Bitwise的$BITB流出916万美元，ARK的$ARKB流出1.0964亿美元，Invesco的$BTCO流出382万美元，Franklin的$EZBC流出665万美元，Vaneck的$HODL流出759万美元，WisdomTree和Grayscale的多个产品均未出现流出。,webhook,,BTC,BTCUSDT,BTCUSDT,macro,observe,4,market_wide,high,high,true,include,,market_wide_event,115,"has_asset,has_binance_symbol,time_ok,typed_event,asset_confidence_high,time_confidence_high,importance_ge_4",include,high,2026-05-19T01:59:51Z,196.1169,mature_72h,true,human_review,,,macro_policy,institutional_flow,etf_or_fund_flow,,66.75,T2,BTC,BTCUSDT,BTCUSDT,BTC,BTCUSDT,BTCUSDT,institutional_flow,True,true
cand_00213,news:1023:a012891aa1151cb0,2026-05-18T21:45:00Z,2026-05-19 05:45:00 UTC+8,2026-05-18T21:45:00Z,2026-05-19 05:45:00 UTC+8,,,,UTC,source_rule:news:cryptonews,,2026-05-19 05:45:00 UTC+8,2026-05-18T21:45:00Z,2026-05-19 05:45:00 UTC+8,published_at,Asia/Shanghai_for_naive_time,ok,,Shiba Inu sees 3b SHIB hit exchanges,"Shiba Inu saw billions of SHIB hit exchanges on May 18 as crypto market liquidations accelerated.

On-chain exchange flow data tracked by CoinGlass shows SHIB open interest at $61.2 million on May 18, with $42,485 in futures positions liquidated in the 24-hour session. The inflow spike coincided with wider crypto market liquidations as leveraged long positions were unwound across multiple assets.

SHIB was trading at $0.00000567 at time of writing, down roughly 10% on the week. The token is 54% lower over the past 12 months and well below its all-time high of $0.00008616.

Exchange reserve data showed assets on Binance alone reaching 61.8 trillion tokens, a marked rise since March as profit-takers moved holdings onto platforms ahead of potential distribution.

Tokens moved onto exchanges are one step from the open market and available for immediate liquidation. The spike in SHIB inflows creates a mechanical increase in available sell-side supply, which typically suppresses price during periods of weak demand.

As crypto.news reported , institutional and whale-level SHIB transactions surged 111% earlier in 2026, indicating large holders are actively repositioning rather than holding passively.

Meme coins have faced persistent pressure throughout 2026. Bitcoin’s 22% decline in Q1 tightened conditions across speculative assets, with SHIB bearing the brunt alongside other high-beta tokens. The token’s 589 trillion circulating supply gives it limited leverage from burn activity, as individual whale distribution events can rapidly absorb months of supply reduction.

Stabilisation requires demand to absorb incoming supply rather than sellers finding a thin order book. As crypto.news noted in its Shibarium upgrade analysis, on-chain adoption remains uneven and without acceleration in utility metrics, upside moves in SHIB continue to struggle.

A Fully Homomorphic Encryption upgrade planned for Q2 2026 through cryptography firm Zama could add a privacy dimension, but near-term price action depends on whether these exchange inflows reverse.

The broader context for meme coin behaviour in 2026 was covered by crypto.news in its analysis of how on-chain activity spikes often precede continued downside rather than reversals.",news:cryptonews,https://crypto.news/shiba-inu-sees-3b-shib-hit-exchanges/,SHIB,SHIBUSDT,,network_upgrade,observe,3,single_asset,high,high,true,include,,market_wide_event,120,"has_asset,has_binance_symbol,time_ok,typed_event,single_asset,asset_confidence_high,time_confidence_high",include,high,2026-05-18T21:45:00Z,200.3644,mature_72h,true,human_review,,,research_only,institutional_flow,etf_or_fund_flow,"multiple_assets_detected,candidate_asset_mismatch",66.25,T3,SHIB,SHIBUSDT,,SHIB,SHIBUSDT,,institutional_flow,True,true
cand_00029,2056552767158878551,2026-05-19T01:49:23Z,2026-05-19 09:49:23 UTC+8,2026-05-19T01:49:23Z,2026-05-19 09:49:23 UTC+8,,,,Asia/Shanghai,source_rule:webhook,,2026-05-19 09:49:23 UTC+8,2026-05-19T01:49:23Z,2026-05-19 09:49:23 UTC+8,published_at,Asia/Shanghai_for_naive_time,ok,,Defillama：Hyperliquid仍维持链上永续合约市场领先地位,币界网消息，据Defillama发文，尽管永续合约交易量较今年早些时候有所下降，但Hyperliquid仍维持链上永续合约市场的领先地位，月度交易量至少为第二名链的2倍。Defillama图表显示，Solana在5月升至永续合约交易量第二大链，市场份额超过10%。,webhook,,HYPE,,HYPEUSDT,other,observe,3,single_asset,high,high,true,include,,unknown_event_type,80,"has_asset,has_binance_symbol,time_ok,unknown_event_type,single_asset,asset_confidence_high,time_confidence_high",include,medium,2026-05-19T01:49:23Z,196.2914,mature_72h,true,human_review,,,alpha_candidate,onchain_data,protocol_metric,"multiple_assets_detected,candidate_asset_mismatch",66.25,T1,HYPE,,HYPEUSDT,HYPE,,HYPEUSDT,onchain_data,True,true
cand_00457,2056422137951371638,2026-05-18T17:10:18Z,2026-05-19 01:10:18 UTC+8,2026-05-18T17:10:18Z,2026-05-19 01:10:18 UTC+8,,,,Asia/Shanghai,source_rule:webhook,,2026-05-19 01:10:18 UTC+8,2026-05-18T17:10:18Z,2026-05-19 01:10:18 UTC+8,published_at,Asia/Shanghai_for_naive_time,ok,,"🔥 UPDATE: Solana’s RWA market just crossed $2.8B, a new all-time high. https://t.co/cUH5EbjwVi","🔥 UPDATE: Solana’s RWA market just crossed $2.8B, a new all-time high. https://t.co/cUH5EbjwVi",webhook,,SOL,SOLUSDT,SOLUSDT,other,observe,3,single_asset,high,high,true,include,,unknown_event_type,80,"has_asset,has_binance_symbol,time_ok,unknown_event_type,single_asset,asset_confidence_high,time_confidence_high",include,medium,2026-05-18T17:10:18Z,204.9428,mature_72h,true,human_review,,,research_only,project_business,rwa_tokenization,,65.25,T3,SOL,SOLUSDT,SOLUSDT,SOL,SOLUSDT,SOLUSDT,project_business,True,true
cand_00423,2056429362757648764,2026-05-18T17:39:01Z,2026-05-19 01:39:01 UTC+8,2026-05-18T17:39:01Z,2026-05-19 01:39:01 UTC+8,,,,Asia/Shanghai,source_rule:webhook,,2026-05-19 01:39:01 UTC+8,2026-05-18T17:39:01Z,2026-05-19 01:39:01 UTC+8,published_at,Asia/Shanghai_for_naive_time,ok,,"🚨MORE ETHEREUM FOUNDATION RESEARCHERS RESIGN

Ethereum Foundation researchers Carl Beek and Julian Ma have resigned, add","🚨MORE ETHEREUM FOUNDATION RESEARCHERS RESIGN

Ethereum Foundation researchers Carl Beek and Julian Ma have resigned, adding to a wider wave of exits.

Recent departures also include Protocol team figures Barnabé Monnot and Tim Beiko, Protocol Guild organizer Trent Van Epps, and former Protocol co-lead Alex Stokes, who announced a sabbatical earlier this month.

Why?",webhook,,ETH,ETHUSDT,ETHUSDT,other,observe,3,single_asset,high,high,true,include,,unknown_event_type,80,"has_asset,has_binance_symbol,time_ok,unknown_event_type,single_asset,asset_confidence_high,time_confidence_high",include,medium,2026-05-18T17:39:01Z,204.4642,mature_72h,true,human_review,,,research_only,project_business,foundation_team,,65.25,T3,ETH,ETHUSDT,ETHUSDT,ETH,ETHUSDT,ETHUSDT,project_business,True,true
cand_00183,2056498816019300383,2026-05-18T22:15:00Z,2026-05-19 06:15:00 UTC+8,2026-05-18T22:15:00Z,2026-05-19 06:15:00 UTC+8,,,,Asia/Shanghai,source_rule:webhook,,2026-05-19 06:15:00 UTC+8,2026-05-18T22:15:00Z,2026-05-19 06:15:00 UTC+8,published_at,Asia/Shanghai_for_naive_time,ok,,明尼苏达州银行可提供比特币保管服务,币界网消息，明尼苏达州州长Tim Walz签署了第3709号法案，允许州特许银行和信用合作社。,webhook,,BTC,BTCUSDT,BTCUSDT,other,observe,3,single_asset,high,high,true,include,,unknown_event_type,80,"has_asset,has_binance_symbol,time_ok,unknown_event_type,single_asset,asset_confidence_high,time_confidence_high",include,medium,2026-05-18T22:15:00Z,199.8644,mature_72h,true,human_review,,,research_only,project_business,payment_adoption,,65.25,T3,BTC,BTCUSDT,BTCUSDT,BTC,BTCUSDT,BTCUSDT,project_business,True,true
cand_00329,2056457321799377121,2026-05-18T19:30:07Z,2026-05-19 03:30:07 UTC+8,2026-05-18T19:30:07Z,2026-05-19 03:30:07 UTC+8,,,,Asia/Shanghai,source_rule:webhook,,2026-05-19 03:30:07 UTC+8,2026-05-18T19:30:07Z,2026-05-19 03:30:07 UTC+8,published_at,Asia/Shanghai_for_naive_time,ok,,Messari报告：2026年Q1 Solana链上应用总收入达3.422亿美元,币界网消息，据Messari报告，2026年第一季度，Solana链上应用总收入（chain gdp）为3.422亿美元，其中Pumpfun收入达1.247亿美元，仍为收入最高的应用。同期，真实经济价值（rev）下降1%至8950万美元，在所有网络中仅次于Hyperliquid。同时，Solana DeFi TVL下降22%至61.6亿美元，主要受SOL价格下跌33%影响，而非用户流失所致。,webhook,,SOL,SOLUSDT,SOLUSDT,macro,observe,4,market_wide,high,high,true,include,,market_wide_event,115,"has_asset,has_binance_symbol,time_ok,typed_event,asset_confidence_high,time_confidence_high,importance_ge_4",include,high,2026-05-18T19:30:07Z,202.6125,mature_72h,true,human_review,,,alpha_candidate,onchain_data,protocol_metric,"multiple_assets_detected,possible_price_recap",64.75,T1,SOL,SOLUSDT,SOLUSDT,SOL,SOLUSDT,SOLUSDT,onchain_data,True,true
cand_00357,news:1023:47c2fa71d3005585,2026-05-18T19:00:00Z,2026-05-19 03:00:00 UTC+8,2026-05-18T19:00:00Z,2026-05-19 03:00:00 UTC+8,,,,UTC,source_rule:news:cryptonews,,2026-05-19 03:00:00 UTC+8,2026-05-18T19:00:00Z,2026-05-19 03:00:00 UTC+8,published_at,Asia/Shanghai_for_naive_time,ok,,"ZachXBT offers $10,000 bounty for evidence against Hong Kong market maker HSBG","ZachXBT is offering up to $10,000 for insider evidence that Hong Kong market maker HSBG manipulated centralized exchange markets, including trades around RIVER.

On-chain sleuth ZachXBT has announced a bounty of up to $10,000 for whistleblowers who can provide credible insider evidence of market manipulation tied to Hong Kong market maker “Heisenberg Guru” (HSBG). In a post shared via his investigations channel, he claimed that HSBG has been involved in “multiple market manipulation incidents” on centralized exchanges, singling out trading around the token RIVER as one of the affected markets.

JUST IN: @zachxbt is offering up to $10K for intel on Hong Kong market maker Heisenberg Guru, also known as HSBG, over alleged links to multiple CEX market manipulation incidents, including $RIVER . pic.twitter.com/Y1xrTJoAuP

According to his statement, the goal of the bounty is to surface hard evidence that could substantiate or refute suspicions circulating in trading circles about HSBG’s tactics on order books. By explicitly framing the offer around “insider information,” ZachXBT is clearly aiming to reach people who have worked with, or inside, the market-making operation and have direct visibility into its strategies and instructions.

He also emphasized that the maximum payout is “up to” $10,000, implying that rewards will scale with the quality, relevance, and verifiability of the submissions rather than being a flat fee. That structure mirrors how he has handled other crowdsourced investigations, where documentation that can be independently confirmed often receives higher compensation than anonymous accusations.

In his call for information, ZachXBT named “Sion” and “Chao” as core members of the HSBG operation, effectively putting specific individuals, rather than just a trading handle, under the spotlight. He suggested that a broad range of materials could be eligible for rewards, including chat records, contracts, and other internal communications that shed light on how HSBG coordinates trading activity on centralized exchanges.

Potential whistleblowers are being asked to submit tips by sending him a private message on X, where he runs most of his public-facing investigative work. While he did not outline an explicit verification process in the initial announcement, his prior investigations have typically involved cross-checking on-chain data, platform logs, and corroborating testimony before publishing detailed reports.

The move underlines the growing role of independent on-chain investigators in policing grey-zone behavior in crypto markets, particularly in areas like thinly traded CEX listings where formal enforcement remains patchy. If the bounty surfaces credible documentation of manipulation linked to HSBG or any associated accounts, it could increase pressure on exchanges to revisit their relationships with certain market makers and potentially spur regulators to take a closer look at trading practices in the Hong Kong-linked segment of the market.",news:cryptonews,https://crypto.news/zachxbt-offers-10000-bounty-for-evidence-against-hong-kong-market-maker-hsbg/,BTC,BTCUSDT,BTCUSDT,macro,observe,4,market_wide,medium,high,true,include,,market_wide_event,105,"has_asset,has_binance_symbol,time_ok,typed_event,time_confidence_high,importance_ge_4",include,high,2026-05-18T19:00:00Z,203.1144,mature_72h,true,human_review,,,alpha_candidate,hack_security,protocol_incident,,64.75,T1,,,,BTC,BTCUSDT,BTCUSDT,hack_security,True,true
cand_00142,2056510635475599478,2026-05-18T23:01:58Z,2026-05-19 07:01:58 UTC+8,2026-05-18T23:01:58Z,2026-05-19 07:01:58 UTC+8,,,,Asia/Shanghai,source_rule:webhook,,2026-05-19 07:01:58 UTC+8,2026-05-18T23:01:58Z,2026-05-19 07:01:58 UTC+8,published_at,Asia/Shanghai_for_naive_time,ok,,加密市场24小时清算金额达8.55亿美元,币界网消息，据Cointelegraph报道，过去24小时内，加密市场的清算金额达8.549亿美元，其中超过7.41亿美元来自多头头寸的清算。,webhook,,BTC,BTCUSDT,BTCUSDT,macro,observe,4,market_wide,medium,high,true,include,,market_wide_event,105,"has_asset,has_binance_symbol,time_ok,typed_event,time_confidence_high,importance_ge_4",include,high,2026-05-18T23:01:58Z,199.0817,mature_72h,true,human_review,,,alpha_candidate,whale_position,whale_wallet_position,,64.75,T1,,,,BTC,BTCUSDT,BTCUSDT,whale_position,True,true
cand_00095,news:2012:7cf081c1ae690285,2026-05-19T00:15:34Z,2026-05-19 08:15:34 UTC+8,2026-05-19T00:15:34Z,2026-05-19 08:15:34 UTC+8,,,,Asia/Shanghai,default_china,,2026-05-19 08:15:34 UTC+8,2026-05-19T00:15:34Z,2026-05-19 08:15:34 UTC+8,published_at,Asia/Shanghai_for_naive_time,ok,,美SEC或最快本周推出代币化股票监管框架，华尔街加速布局链上证券,美国证监会（SEC）正准备推出一项针对代币化股票交易的新监管框架，最快可能于本周公布，据悉 SEC 正研究一项“创新豁免”机制，允许交易平台在更宽松的监管条件下提供上市证券的链上数字版本交易。此举被视为美国监管机构进一步转向支持代币化证券的重要信号。目前多家华尔街机构已加速布局相关业务。美国存管信托与清算公司美国存管信托与清算公司（DTCC）计划于 7 月启动代币化资产有限生产交易，并于 10 月扩大推广；纳斯达克纳斯达克正在开发基于区块链的股票发行框架；洲际交易所洲际交易所（ICE）则通过与 OKXOKX 合作推进代币化股票及加密相关产品。SEC 主席 Paul Atkins 此前表示，美国证监会正考虑为链上交易系统、区块链结算基础设施及加密托管模型制定正式规则，并认为现有证券法规已难以适配集交易、清算与结算于一体的链上协议。（CoinDesk）,news:odaily_exchange_gap,https://www.odaily.news/zh-CN/newsflash/482299,BTC,BTCUSDT,BTCUSDT,macro,observe,4,market_wide,medium,high,true,include,,market_wide_event,105,"has_asset,has_binance_symbol,time_ok,typed_event,time_confidence_high,importance_ge_4",include,high,2026-05-19T00:15:34Z,197.855,mature_72h,true,human_review,,,macro_policy,regulation_macro,regulation,,64.5,T2,,,,BTC,BTCUSDT,BTCUSDT,regulation_macro,True,true
cand_00392,2056437228486664339,2026-05-18T18:10:16Z,2026-05-19 02:10:16 UTC+8,2026-05-18T18:10:16Z,2026-05-19 02:10:16 UTC+8,,,,Asia/Shanghai,source_rule:webhook,,2026-05-19 02:10:16 UTC+8,2026-05-18T18:10:16Z,2026-05-19 02:10:16 UTC+8,published_at,Asia/Shanghai_for_naive_time,ok,,"🔥 BULLISH: Tokenized stocks on Ondo Finance crossed $1.5B in TVL, with Ondo’s top five assets making up 25% of the secto","🔥 BULLISH: Tokenized stocks on Ondo Finance crossed $1.5B in TVL, with Ondo’s top five assets making up 25% of the sector. https://t.co/mB1XFBX0VF",webhook,,ONDO,ONDOUSDT,ONDOUSDT,other,observe,3,unknown,low,high,true,include,,"missing_asset,unknown_event_type",-125,"missing_asset,missing_symbol,time_ok,unknown_event_type,unknown_scope,time_confidence_high,flag_missing_asset",exclude,drop,2026-05-18T18:10:16Z,203.9433,mature_72h,true,human_review,,,alpha_candidate,onchain_data,protocol_metric,,64.25,T1,ONDO,ONDOUSDT,ONDOUSDT,ONDO,ONDOUSDT,ONDOUSDT,onchain_data,True,true
cand_00232,2056483716126642298,2026-05-18T21:15:00Z,2026-05-19 05:15:00 UTC+8,2026-05-18T21:15:00Z,2026-05-19 05:15:00 UTC+8,,,,Asia/Shanghai,source_rule:webhook,,2026-05-19 05:15:00 UTC+8,2026-05-18T21:15:00Z,2026-05-19 05:15:00 UTC+8,published_at,Asia/Shanghai_for_naive_time,ok,,亚洲主导稳定币支付，近三分之二交易量来自亚洲,币界网消息，稳定币支付领域，近三分之二的交易量来自亚洲，主要由新加坡、香港和日本引领。北美约占25%，欧洲接近13%，而拉丁美洲和非洲的总量则低于10亿美元。,webhook,,BTC,BTCUSDT,BTCUSDT,macro,observe,4,market_wide,medium,high,true,include,,market_wide_event,105,"has_asset,has_binance_symbol,time_ok,typed_event,time_confidence_high,importance_ge_4",include,high,2026-05-18T21:15:00Z,200.8644,mature_72h,true,human_review,,,macro_policy,stablecoin_flow,stablecoin,,63.25,T2,,,,BTC,BTCUSDT,BTCUSDT,stablecoin_flow,True,true
cand_00230,news:3001:27d302c6be99587c,2026-05-18T21:18:40Z,2026-05-19 05:18:40 UTC+8,2026-05-18T21:18:40Z,2026-05-19 05:18:40 UTC+8,,,,Asia/Shanghai,source_rule:tg:,,2026-05-19 05:18:40 UTC+8,2026-05-18T21:18:40Z,2026-05-19 05:18:40 UTC+8,published_at,Asia/Shanghai_for_naive_time,ok,,【知名交易员Loracle「 HYPE 空仓 TOP 1」】HYPE 空单 摊平 啦!,"🚀 Hyperliquid 持仓异动 | 主力巨鲸大单提醒 🚀
📅 时间: 2026/5/19 05:18:39
🐳 【知名交易员Loracle「 HYPE 空仓 TOP 1」】HYPE 空单 摊平 啦!
💰 HYPE空单增持 50,377.78 枚, 约合2,704,658.89美元
▫️ 持仓规模: 66,221,075.06美元
▫️ 均价: 42.15美元 → 42.35美元
▫️ 当前盈亏: -7,219,365.70美元 (-54.51%)
▫️ 当前币价: 47.53美元
▫️ 清算价: 70.41美元
📌 地址: 0x8def9f50456c6c4e37fa5d3d57f108ed23992dae
🔥 注: Loracle （X：loraclexyz）原名 Laurent Zeimes。其在 Hyperliquid 生态里活跃，被视为早期贡献者之一，系Hypurrfun创始人，月盈1600万美元。 🔥
Hyperliquid 官网查看:https://app.hyperliquid.xyz/",tg:HyperInsight,https://t.me/HyperInsight/88745,HYPE,,HYPEUSDT,macro,observe,4,market_wide,high,high,true,include,,market_wide_event,70,"has_asset,missing_symbol,time_ok,typed_event,asset_confidence_high,time_confidence_high,importance_ge_4",include,medium,2026-05-18T21:18:40Z,200.8033,mature_72h,true,human_review,,,alpha_candidate,whale_position,whale_wallet_position,,63.25,T1,HYPE,,HYPEUSDT,HYPE,,HYPEUSDT,whale_position,True,true
cand_00009,news:3001:fcd03a97b1d25e1b,2026-05-19T02:28:37Z,2026-05-19 10:28:37 UTC+8,2026-05-19T02:28:37Z,2026-05-19 10:28:37 UTC+8,,,,Asia/Shanghai,source_rule:tg:,,2026-05-19 10:28:37 UTC+8,2026-05-19T02:28:37Z,2026-05-19 10:28:37 UTC+8,published_at,Asia/Shanghai_for_naive_time,ok,,交易员Loracle加仓HYPE空单20万枚，总规模升至6810万美元,"交易员Loracle加仓HYPE空单20万枚，总规模升至6810万美元
受HYPE持续走强，今晨站至48美元上方。Hyperliquid 知名交易员「Loracle」连续加仓摊平HYPE空单，累计增持约20万枚（价值约合940万美元）。
目前，其以5倍杠杆做空144.3万枚HYPE，价值约合6810万美元，均价由41.8美元升至42.55美元，浮亏达676万美元（-47%）。
此外，最大多头持仓者，市场曾疑为「HYPE上币内幕」巨鲸仍长持HYPE多单。现以5倍杠杆做多138万枚，价值约合 6530 万美元，均价38.67美元，浮盈1190万美元。
📌 地址：0x8def9f50456c6c4e37fa5d3d57f108ed23992dae
📌 地址：0x082e843a431aef031264dc232693dd710aedca88
Hyperliquid 官网查看:https://app.hyperliquid.xyz/",tg:HyperInsight,https://t.me/HyperInsight/88753,HYPE,,HYPEUSDT,macro,observe,4,market_wide,high,high,true,include,,market_wide_event,70,"has_asset,missing_symbol,time_ok,typed_event,asset_confidence_high,time_confidence_high,importance_ge_4",include,medium,2026-05-19T02:28:37Z,195.6375,mature_72h,true,human_review,,,alpha_candidate,whale_position,whale_wallet_position,,63.25,T1,HYPE,,HYPEUSDT,HYPE,,HYPEUSDT,whale_position,True,true
cand_00026,2056554201971646873,2026-05-19T01:55:05Z,2026-05-19 09:55:05 UTC+8,2026-05-19T01:55:05Z,2026-05-19 09:55:05 UTC+8,,,,Asia/Shanghai,source_rule:webhook,,2026-05-19 09:55:05 UTC+8,2026-05-19T01:55:05Z,2026-05-19 09:55:05 UTC+8,published_at,Asia/Shanghai_for_naive_time,ok,,据 Reuters 调查报道，数据分析显示，自 2023 年以来，受制裁影响的伊朗最大加密交易所 Nobitex 已通过 Tron 和 BNB Chain 网络处理了至少 23 亿美元。报道指出，这两个区块链的创始人孙宇晨与赵长鹏均为特朗普,"据 Reuters 调查报道，数据分析显示，自 2023 年以来，受制裁影响的伊朗最大加密交易所 Nobitex 已通过 Tron 和 BNB Chain 网络处理了至少 23 亿美元。报道指出，这两个区块链的创始人孙宇晨与赵长鹏均为特朗普家族加密项目 World Liberty Financial（WLF）的核心支持者，这一资金流向揭示了受制裁实体与特朗普商业盟友旗下去中心化网络之间的间接交集。针对此事，白宫及 WLF 均否认存在任何利益冲突或联系。币安与 Tron 的发言人也回应称，BNB Chain 与 Tron 均为独立的无许可公共区块链，他们作为技术提供商无法监控或控制网络上的个人交易。
https://t.co/YmpbUMHKy1",webhook,,TRX,TRXUSDT,TRXUSDT,macro,observe,4,market_wide,high,high,true,include,,market_wide_event,115,"has_asset,has_binance_symbol,time_ok,typed_event,asset_confidence_high,time_confidence_high,importance_ge_4",include,high,2026-05-19T01:55:05Z,196.1964,mature_72h,true,human_review,,,macro_policy,regulation_macro,macro,"multiple_assets_detected,candidate_asset_mismatch",61.75,T2,TRX,TRXUSDT,TRXUSDT,TRX,TRXUSDT,TRXUSDT,regulation_macro,True,true
cand_00479,2056418109637206185,2026-05-18T16:54:18Z,2026-05-19 00:54:18 UTC+8,2026-05-18T16:54:18Z,2026-05-19 00:54:18 UTC+8,,,,Asia/Shanghai,source_rule:webhook,,2026-05-19 00:54:18 UTC+8,2026-05-18T16:54:18Z,2026-05-19 00:54:18 UTC+8,published_at,Asia/Shanghai_for_naive_time,ok,,Tempo集成Morpho借贷协议，扩展稳定币支付功能,币界网消息，据Coindesk报道，由Stripe与Paradigm支持、专注于稳定币支付的区块链项目Tempo已集成DeFi借贷协议Morpho，将后者约75亿美元规模的借贷市场引入其网络。此次合作将允许在Tempo上构建的金融科技公司与企业直接在链上进行稳定币借贷及闲置资产收益管理，扩展其原有支付、外汇及结算功能。Morpho在Tempo上的借贷市场将由Gauntlet与Sentora提供风险管理支持，并采用Redstone预言机提供定价数据。,webhook,,BTC,BTCUSDT,BTCUSDT,macro,observe,4,market_wide,medium,high,true,include,,market_wide_event,105,"has_asset,has_binance_symbol,time_ok,typed_event,time_confidence_high,importance_ge_4",include,high,2026-05-18T16:54:18Z,205.2094,mature_72h,true,human_review,,,macro_policy,stablecoin_flow,stablecoin,,61.75,T2,,,,BTC,BTCUSDT,BTCUSDT,stablecoin_flow,True,true
cand_00414,2056432197888811297,2026-05-18T17:50:17Z,2026-05-19 01:50:17 UTC+8,2026-05-18T17:50:17Z,2026-05-19 01:50:17 UTC+8,,,,Asia/Shanghai,source_rule:webhook,,2026-05-19 01:50:17 UTC+8,2026-05-18T17:50:17Z,2026-05-19 01:50:17 UTC+8,published_at,Asia/Shanghai_for_naive_time,ok,,代币化国债总额创历史新高达137亿美元,币界网消息，据Cointelegraph报道，代币化国债的总额达到了新的历史高点，达到137亿美元，主要由Circle、Securitize和Franklin Templeton领导。,webhook,,BTC,BTCUSDT,BTCUSDT,macro,observe,4,market_wide,medium,high,true,include,,market_wide_event,105,"has_asset,has_binance_symbol,time_ok,typed_event,time_confidence_high,importance_ge_4",include,high,2026-05-18T17:50:17Z,204.2764,mature_72h,true,human_review,,,macro_policy,regulation_macro,macro,,61.75,T2,,,,BTC,BTCUSDT,BTCUSDT,regulation_macro,True,true
cand_00402,news:1023:1d56eb38585cf2f6,2026-05-18T18:00:00Z,2026-05-19 02:00:00 UTC+8,2026-05-18T18:00:00Z,2026-05-19 02:00:00 UTC+8,,,,UTC,source_rule:news:cryptonews,,2026-05-19 02:00:00 UTC+8,2026-05-18T18:00:00Z,2026-05-19 02:00:00 UTC+8,published_at,Asia/Shanghai_for_naive_time,ok,,NYDIG warns US crypto market-structure bill could 'fail' if August window is missed,"NYDIG says a rare bipartisan window to pass a comprehensive US crypto market‑structure bill could slam shut if Congress fails to move it before the August recess.

Digital asset investment firm NYDIG has warned that the leading US crypto market-structure bill may effectively “fail” if it does not make substantial progress in Congress before lawmakers leave Washington for the August recess, according to FinanceFeeds. The firm argues that the fragile bipartisan consensus around a broad crypto regulatory framework amounts to a “brief window” that could slam shut once Congress returns to a calendar dominated by midterm elections, budget fights and partisan priorities.

NYDIG’s assessment is blunt: if the bill does not advance “in the coming months,” the probability of passage “may significantly decrease” as legislative attention fragments and the political cost of tackling crypto grows. In that scenario, the US risks replaying the past several years of gridlock, with high-profile enforcement actions filling the vacuum left by the absence of a clear statutory market-structure regime.

At stake is one of the most ambitious attempts yet to build a comprehensive federal framework for digital assets in the US. The draft bill is designed to clarify how tokens are classified, draw a bright line between securities overseen by the SEC and commodities under the CFTC, and create unified operational standards for exchanges, brokers and other crypto businesses.

According to the FinanceFeeds report, the proposed market-structure legislation would, for the first time, codify which digital assets fall under securities law and which are treated as commodities, addressing a long-running turf war between the SEC and CFTC. It would also establish common rules for trading venues and service providers, aiming to replace today’s patchwork of guidance, enforcement actions and state-by-state licensing with a single, more predictable regime.

But NYDIG notes that key issues remain unresolved, including stablecoin oversight, how to regulate DeFi protocols , the contours of consumer protection and how to handle conflicts of political interest. Those disagreements have slowed negotiations and raised doubts about whether lawmakers can lock in compromises before the August deadline.

The firm’s warning comes as global competition intensifies. NYDIG points out that extended US uncertainty is already driving capital, talent and innovation toward jurisdictions with clearer rules, citing the UAE , Singapore and the EU’s MiCA framework as examples of regions that are actively benefiting from America’s drift.

If Congress misses this legislative window, industry participants fear the US could again default to rulemaking by enforcement, with no durable settlement on market structure for years. That would leave exchanges, issuers and developers operating under legal ambiguity just as other financial centers lock in their own digital-asset regimes and pitch themselves as safer homes for long-term investment.",news:cryptonews,https://crypto.news/nydig-warns-us-crypto-market-structure-bill-could-fail-if-august-window-is-missed/,BTC,BTCUSDT,BTCUSDT,macro,observe,4,market_wide,medium,high,true,include,,market_wide_event,105,"has_asset,has_binance_symbol,time_ok,typed_event,time_confidence_high,importance_ge_4",include,high,2026-05-18T18:00:00Z,204.1144,mature_72h,true,human_review,,,macro_policy,regulation_macro,regulation,,61.75,T2,,,,BTC,BTCUSDT,BTCUSDT,regulation_macro,True,true
cand_00137,2056512060377514316,2026-05-18T23:07:37Z,2026-05-19 07:07:37 UTC+8,2026-05-18T23:07:37Z,2026-05-19 07:07:37 UTC+8,,,,Asia/Shanghai,source_rule:webhook,,2026-05-19 07:07:37 UTC+8,2026-05-18T23:07:37Z,2026-05-19 07:07:37 UTC+8,published_at,Asia/Shanghai_for_naive_time,ok,,Ostium与纳斯达克达成合作，推出股票永续合约,币界网消息，链上永续合约平台Ostium宣布与美国交易所运营商纳斯达克达成合作，成为首个基于纳斯达克数据提供股票永续合约产品的链上交易平台。Ostium由哈佛校友创立，累计融资2780万美元，投资方包括General Catalyst、Jump Crypto、Susquehanna与Alliance DAO等。,webhook,,BTC,BTCUSDT,BTCUSDT,macro,observe,4,market_wide,medium,high,true,include,,market_wide_event,105,"has_asset,has_binance_symbol,time_ok,typed_event,time_confidence_high,importance_ge_4",include,high,2026-05-18T23:07:37Z,198.9875,mature_72h,true,human_review,,,macro_policy,regulation_macro,macro,,61.75,T2,,,,BTC,BTCUSDT,BTCUSDT,regulation_macro,True,true
cand_00081,2056533209442300079,2026-05-19T00:31:40Z,2026-05-19 08:31:40 UTC+8,2026-05-19T00:31:40Z,2026-05-19 08:31:40 UTC+8,,,,Asia/Shanghai,source_rule:webhook,,2026-05-19 08:31:40 UTC+8,2026-05-19T00:31:40Z,2026-05-19 08:31:40 UTC+8,published_at,Asia/Shanghai_for_naive_time,ok,,CryptoSlate 文章表示，RWA 代币化市场链上规模已接近 300 亿美元，但真正进入 DeFi 协议的活跃 TVL 仅约 24.7 亿美元，不到 10%。文章援引 DefiLlama 数据称，债券和货币市场基金、黄金、大宗商品及股,"CryptoSlate 文章表示，RWA 代币化市场链上规模已接近 300 亿美元，但真正进入 DeFi 协议的活跃 TVL 仅约 24.7 亿美元，不到 10%。文章援引 DefiLlama 数据称，债券和货币市场基金、黄金、大宗商品及股票类 RWA 多采用许可发行、KYC 和转让代理等架构，限制其进入开放 DeFi 协议；私募信贷则因产品原本按借贷场景设计，DeFi 使用率相对更高，约为 39%。文章认为，当前 RWA 市场正在分化为“受监管链上金融”和“DeFi 可组合资产”两条路径。
https://t.co/TrI6Oxe7eM",webhook,,BTC,BTCUSDT,BTCUSDT,macro,observe,4,market_wide,medium,high,true,include,,market_wide_event,105,"has_asset,has_binance_symbol,time_ok,typed_event,time_confidence_high,importance_ge_4",include,high,2026-05-19T00:31:40Z,197.5867,mature_72h,true,human_review,,,alpha_candidate,onchain_data,protocol_metric,,61.75,T1,,,,BTC,BTCUSDT,BTCUSDT,onchain_data,True,true
