event_id,event_time,title,content,source,asset_symbol,binance_spot_symbol,binance_futures_symbol,event_type,direction_hint,importance,raw_signal_type,watcher_source,entity_label,address,tx_hash,amount_native,amount_usd,confidence,signal_asset_symbol,alert_id,event_time_china,event_type_l2,risk_category,publish_route,needs_model_review,model_review_reason,threshold_rule,metric_value,raw_json
watcher_fh_b22dcf7f666fab1f,2026-06-03T09:47:47Z,Tether treasury received $136.90M USDT,"First-hand watcher alert. Entity: Tether. Metric: stablecoin_treasury_in. Asset: USDT. USD value: $136.90M. Native size: 136900000. Observed China time: 2026-06-03 17:47:47 UTC+8. Tx: 0x460db5ca4689b8c858c50951d35206919eb0aa50dead5255095ae768503ed4f9. Threshold: amount_usd>=50000000;price=1. This is an observation for research and monitoring, not trading advice.",first_hand:etherscan_v2_account_tokentx,BTC,BTCUSDT,BTCUSDT,stablecoin_flow,observe,5,stablecoin_treasury_in,etherscan_v2_account_tokentx,Tether,0x5754284f345afc66a98fbb0a0afe71e0f007b949,0x460db5ca4689b8c858c50951d35206919eb0aa50dead5255095ae768503ed4f9,136900000,136900000.00,medium,USDT,fh_b22dcf7f666fab1f,2026-06-03 17:47:47 UTC+8,stablecoin_treasury_inflow,supply_change,review,true,large_or_context_sensitive_transfer,amount_usd>=50000000;price=1,136900000.00,"{""blockNumber"":""25236062"",""timeStamp"":""1780480067"",""hash"":""0x460db5ca4689b8c858c50951d35206919eb0aa50dead5255095ae768503ed4f9"",""nonce"":""459688"",""blockHash"":""0x86b9f501965bcb04c949e004ec9e74495af02257fed4018df3b3cbae1c6e888a"",""from"":""0x77134cbc06cb00b66f4c7e623d5fdbf6777635ec"",""contractAddress"":""0xdac17f958d2ee523a2206206994597c13d831ec7"",""to"":""0x5754284f345afc66a98fbb0a0afe71e0f007b949"",""value"":""136900000000000"",""tokenName"":""Tether USD"",""tokenSymbol"":""USDT"",""tokenDecimal"":""6"",""transactionIndex"":""51"",""gas"":""120000"",""gasPrice"":""717472148"",""gasUsed"":""46121"",""cumulativeGasUsed"":""3944831"",""input"":""deprecated"",""methodId"":""0xa9059cbb"",""functionName"":""transfer(address _to, uint256 _value)"",""confirmations"":""546""}"
watcher_fh_85424eddb842ca32,2026-06-03T09:25:59Z,Tether treasury received $72.36M USDT,"First-hand watcher alert. Entity: Tether. Metric: stablecoin_treasury_in. Asset: USDT. USD value: $72.36M. Native size: 72356102.55. Observed China time: 2026-06-03 17:25:59 UTC+8. Tx: 0x8655c1e533d51dde3a8f254edc338d3886c5ce708b797bb8d07b51e664e58264. Threshold: amount_usd>=50000000;price=1. This is an observation for research and monitoring, not trading advice.",first_hand:etherscan_v2_account_tokentx,BTC,BTCUSDT,BTCUSDT,stablecoin_flow,observe,4,stablecoin_treasury_in,etherscan_v2_account_tokentx,Tether,0x5754284f345afc66a98fbb0a0afe71e0f007b949,0x8655c1e533d51dde3a8f254edc338d3886c5ce708b797bb8d07b51e664e58264,72356102.55,72356102.55,medium,USDT,fh_85424eddb842ca32,2026-06-03 17:25:59 UTC+8,stablecoin_treasury_inflow,supply_change,review,true,large_or_context_sensitive_transfer,amount_usd>=50000000;price=1,72356102.55,"{""blockNumber"":""25235953"",""timeStamp"":""1780478759"",""hash"":""0x8655c1e533d51dde3a8f254edc338d3886c5ce708b797bb8d07b51e664e58264"",""nonce"":""459674"",""blockHash"":""0x18aa7be992cc3b32dd21e02d71fc0cc176815bb3132ea589fa7ad6e492a31ab5"",""from"":""0x77134cbc06cb00b66f4c7e623d5fdbf6777635ec"",""contractAddress"":""0xdac17f958d2ee523a2206206994597c13d831ec7"",""to"":""0x5754284f345afc66a98fbb0a0afe71e0f007b949"",""value"":""72356102550000"",""tokenName"":""Tether USD"",""tokenSymbol"":""USDT"",""tokenDecimal"":""6"",""transactionIndex"":""95"",""gas"":""120000"",""gasPrice"":""824097676"",""gasUsed"":""46133"",""cumulativeGasUsed"":""14101973"",""input"":""deprecated"",""methodId"":""0xa9059cbb"",""functionName"":""transfer(address _to, uint256 _value)"",""confirmations"":""655""}"
watcher_fh_3c74283fe1d2d556,2026-06-03T09:21:11Z,Tether treasury sent $180.00M USDT,"First-hand watcher alert. Entity: Tether. Metric: stablecoin_treasury_out. Asset: USDT. USD value: $180.00M. Native size: 180000000. Observed China time: 2026-06-03 17:21:11 UTC+8. Tx: 0x66e28a271e66c5983fa45a10d9b0079fb332de109c2f6d2776ec4e165cbec4d7. Threshold: amount_usd>=50000000;price=1. This is an observation for research and monitoring, not trading advice.",first_hand:etherscan_v2_account_tokentx,BTC,BTCUSDT,BTCUSDT,stablecoin_flow,observe,5,stablecoin_treasury_out,etherscan_v2_account_tokentx,Tether,0x5754284f345afc66a98fbb0a0afe71e0f007b949,0x66e28a271e66c5983fa45a10d9b0079fb332de109c2f6d2776ec4e165cbec4d7,180000000,180000000.00,medium,USDT,fh_3c74283fe1d2d556,2026-06-03 17:21:11 UTC+8,stablecoin_treasury_outflow,supply_change,review,true,large_or_context_sensitive_transfer,amount_usd>=50000000;price=1,180000000.00,"{""blockNumber"":""25235929"",""timeStamp"":""1780478471"",""hash"":""0x66e28a271e66c5983fa45a10d9b0079fb332de109c2f6d2776ec4e165cbec4d7"",""nonce"":""6615"",""blockHash"":""0x26501745f33c681070a295fcf5319ae2d9463cfca9a26f7cd63daef107a12c7a"",""from"":""0x5754284f345afc66a98fbb0a0afe71e0f007b949"",""contractAddress"":""0xdac17f958d2ee523a2206206994597c13d831ec7"",""to"":""0x77134cbc06cb00b66f4c7e623d5fdbf6777635ec"",""value"":""180000000000000"",""tokenName"":""Tether USD"",""tokenSymbol"":""USDT"",""tokenDecimal"":""6"",""transactionIndex"":""138"",""gas"":""69737"",""gasPrice"":""770328899"",""gasUsed"":""46109"",""cumulativeGasUsed"":""30445332"",""input"":""deprecated"",""methodId"":""0xa9059cbb"",""functionName"":""transfer(address _to, uint256 _value)"",""confirmations"":""679""}"
watcher_fh_b8f8238b383c8ecc,2026-06-02T11:56:23Z,Tether treasury received $500.00M USDT,"First-hand watcher alert. Entity: Tether. Metric: stablecoin_treasury_in. Asset: USDT. USD value: $500.00M. Native size: 500000000. Observed China time: 2026-06-02 19:56:23 UTC+8. Tx: 0x514bb8756fb7ace9b3883868a739f5c671f03365fd4dd79a09a1f68efe0db361. Threshold: amount_usd>=50000000;price=1. This is an observation for research and monitoring, not trading advice.",first_hand:etherscan_v2_account_tokentx,BTC,BTCUSDT,BTCUSDT,stablecoin_flow,observe,5,stablecoin_treasury_in,etherscan_v2_account_tokentx,Tether,0x5754284f345afc66a98fbb0a0afe71e0f007b949,0x514bb8756fb7ace9b3883868a739f5c671f03365fd4dd79a09a1f68efe0db361,500000000,500000000.00,medium,USDT,fh_b8f8238b383c8ecc,2026-06-02 19:56:23 UTC+8,stablecoin_treasury_inflow,supply_change,review,true,large_or_context_sensitive_transfer,amount_usd>=50000000;price=1,500000000.00,"{""blockNumber"":""25229537"",""timeStamp"":""1780401383"",""hash"":""0x514bb8756fb7ace9b3883868a739f5c671f03365fd4dd79a09a1f68efe0db361"",""nonce"":""16786625"",""blockHash"":""0xaf137c69383de9221a79b556a83780ef17d04d068291d8176c6522b7c124486e"",""from"":""0x28c6c06298d514db089934071355e5743bf21d60"",""contractAddress"":""0xdac17f958d2ee523a2206206994597c13d831ec7"",""to"":""0x5754284f345afc66a98fbb0a0afe71e0f007b949"",""value"":""500000000000000"",""tokenName"":""Tether USD"",""tokenSymbol"":""USDT"",""tokenDecimal"":""6"",""transactionIndex"":""58"",""gas"":""220436"",""gasPrice"":""1357087401"",""gasUsed"":""46133"",""cumulativeGasUsed"":""11089917"",""input"":""deprecated"",""methodId"":""0xa9059cbb"",""functionName"":""transfer(address _to, uint256 _value)"",""confirmations"":""7071""}"
watcher_fh_870ebc01a26f0c5a,2026-06-03T09:47:47Z,Bitfinex wallet cex transfer out $109.46M USDT,"First-hand watcher alert. Entity: Bitfinex. Metric: cex_transfer_out. Asset: USDT. USD value: $109.46M. Native size: 109463867.559. Observed China time: 2026-06-03 17:47:47 UTC+8. Tx: 0x5440cfcca7848e1caf8044bc67d60c7a7c79fe58fe471cc46746de634e15be62. Threshold: amount_usd>=10000000;price=1. This is an observation for research and monitoring, not trading advice.",first_hand:etherscan_v2_account_tokentx,USDT,,,onchain_transfer,observe,5,cex_transfer_out,etherscan_v2_account_tokentx,Bitfinex,0x742d35Cc6634C0532925a3b844Bc454e4438f44e,0x5440cfcca7848e1caf8044bc67d60c7a7c79fe58fe471cc46746de634e15be62,109463867.559,109463867.56,high,USDT,fh_870ebc01a26f0c5a,2026-06-03 17:47:47 UTC+8,cex_wallet_flow,cex_flow,review,true,large_or_context_sensitive_transfer,amount_usd>=10000000;price=1,109463867.56,"{""blockNumber"":""25236062"",""timeStamp"":""1780480067"",""hash"":""0x5440cfcca7848e1caf8044bc67d60c7a7c79fe58fe471cc46746de634e15be62"",""nonce"":""3001"",""blockHash"":""0x86b9f501965bcb04c949e004ec9e74495af02257fed4018df3b3cbae1c6e888a"",""from"":""0x742d35cc6634c0532925a3b844bc454e4438f44e"",""to"":""0x77134cbc06cb00b66f4c7e623d5fdbf6777635ec"",""contractAddress"":""0xdac17f958d2ee523a2206206994597c13d831ec7"",""value"":""109463867559020"",""tokenName"":""Tether USD"",""tokenSymbol"":""USDT"",""tokenDecimal"":""6"",""transactionIndex"":""79"",""gas"":""69356"",""gasPrice"":""654972148"",""gasUsed"":""41321"",""cumulativeGasUsed"":""6287767"",""input"":""deprecated"",""methodId"":""0xa9059cbb"",""functionName"":""transfer(address _to, uint256 _value)"",""confirmations"":""550""}"
watcher_fh_e71623c66eea05af,2026-06-02T18:04:11Z,Bitfinex wallet cex transfer in $86.95M USDT,"First-hand watcher alert. Entity: Bitfinex. Metric: cex_transfer_in. Asset: USDT. USD value: $86.95M. Native size: 86954192.6443. Observed China time: 2026-06-03 02:04:11 UTC+8. Tx: 0xb918ef427f85653f1a01d6932eaed4174811e0e6f3f45327c2cbae5f1644452b. Threshold: amount_usd>=10000000;price=1. This is an observation for research and monitoring, not trading advice.",first_hand:etherscan_v2_account_tokentx,USDT,,,onchain_transfer,observe,4,cex_transfer_in,etherscan_v2_account_tokentx,Bitfinex,0x742d35Cc6634C0532925a3b844Bc454e4438f44e,0xb918ef427f85653f1a01d6932eaed4174811e0e6f3f45327c2cbae5f1644452b,86954192.6443,86954192.64,high,USDT,fh_e71623c66eea05af,2026-06-03 02:04:11 UTC+8,cex_wallet_flow,cex_flow,review,true,large_or_context_sensitive_transfer,amount_usd>=10000000;price=1,86954192.64,"{""blockNumber"":""25231367"",""timeStamp"":""1780423451"",""hash"":""0xb918ef427f85653f1a01d6932eaed4174811e0e6f3f45327c2cbae5f1644452b"",""nonce"":""459397"",""blockHash"":""0x138ac9413e87167be3bf926c51b18847abd76b3e62760c035afe93f60b353b37"",""from"":""0x77134cbc06cb00b66f4c7e623d5fdbf6777635ec"",""to"":""0x742d35cc6634c0532925a3b844bc454e4438f44e"",""contractAddress"":""0xdac17f958d2ee523a2206206994597c13d831ec7"",""value"":""86954192644320"",""tokenName"":""Tether USD"",""tokenSymbol"":""USDT"",""tokenDecimal"":""6"",""transactionIndex"":""43"",""gas"":""120000"",""gasPrice"":""917906623"",""gasUsed"":""63233"",""cumulativeGasUsed"":""5263158"",""input"":""deprecated"",""methodId"":""0xa9059cbb"",""functionName"":""transfer(address _to, uint256 _value)"",""confirmations"":""5245""}"
watcher_fh_b8f2496d52d670fe,2026-06-03T11:37:54Z,Unknown Hyperliquid Whale holds large Hyperliquid short position: $69.78M BTC,"First-hand watcher alert. Entity: Unknown Hyperliquid Whale. Metric: hyperliquid_position_short. Asset: BTC. USD value: $69.78M. Native size: 1040.14182. Observed China time: 2026-06-03 19:37:54 UTC+8. Tx: . Threshold: position_value_usd>=10000000;change_type=position_snapshot;delta_usd=0.00;change_pct=0.000000. This is an observation for research and monitoring, not trading advice.",first_hand:hyperliquid_clearinghouse_state,BTC,BTCUSDT,BTCUSDT,whale_position,observe,4,hyperliquid_position_short,hyperliquid_clearinghouse_state,Unknown Hyperliquid Whale,0x50b309f78e774a756a2230e1769729094cac9f20,,1040.14182,69783114.70,medium,BTC,fh_b8f2496d52d670fe,2026-06-03 19:37:54 UTC+8,hyperliquid_perp_position_snapshot,perp_position,review,true,large_hyperliquid_position,position_value_usd>=10000000;change_type=position_snapshot;delta_usd=0.00;change_pct=0.000000,69783114.70,"{""change_type"":""position_snapshot"",""delta_usd"":0.0,""change_pct"":0.0,""current"":{""type"":""oneWay"",""position"":{""coin"":""BTC"",""szi"":""-1040.14182"",""leverage"":{""type"":""cross"",""value"":20},""entryPx"":""66450.1"",""positionValue"":""69783114.7037999928"",""unrealizedPnl"":""-665509.09178"",""returnOnEquity"":""-0.1925729591"",""liquidationPx"":""70086.401040642"",""marginUsed"":""3489155.7351899999"",""maxLeverage"":40,""cumFunding"":{""allTime"":""-3847.608293"",""sinceOpen"":""-2737.559533"",""sinceChange"":""-1534.89555""}}}}"
watcher_fh_5c0ab6b52311e31a,2026-06-03T11:37:54Z,Matrixport Related holds large Hyperliquid long position: $75.18M ETH,"First-hand watcher alert. Entity: Matrixport Related. Metric: hyperliquid_position_long. Asset: ETH. USD value: $75.18M. Native size: 40000. Observed China time: 2026-06-03 19:37:54 UTC+8. Tx: . Threshold: position_value_usd>=10000000;change_type=position_snapshot;delta_usd=0.00;change_pct=0.000000. This is an observation for research and monitoring, not trading advice.",first_hand:hyperliquid_clearinghouse_state,ETH,ETHUSDT,ETHUSDT,whale_position,observe,4,hyperliquid_position_long,hyperliquid_clearinghouse_state,Matrixport Related,0x6c8512516ce5669d35113a11ca8b8de322fd84f6,,40000,75180000.00,medium,ETH,fh_5c0ab6b52311e31a,2026-06-03 19:37:54 UTC+8,hyperliquid_perp_position_snapshot,perp_position,review,true,large_hyperliquid_position,position_value_usd>=10000000;change_type=position_snapshot;delta_usd=0.00;change_pct=0.000000,75180000.00,"{""change_type"":""position_snapshot"",""delta_usd"":0.0,""change_pct"":0.0,""current"":{""type"":""oneWay"",""position"":{""coin"":""ETH"",""szi"":""40000.0"",""leverage"":{""type"":""cross"",""value"":20},""entryPx"":""2265.44"",""positionValue"":""75180000.0"",""unrealizedPnl"":""-15437764.9732089993"",""returnOnEquity"":""-3.4072270438"",""liquidationPx"":""1416.5957073393"",""marginUsed"":""3759000.0"",""maxLeverage"":25,""cumFunding"":{""allTime"":""638519.12076"",""sinceOpen"":""638519.12076"",""sinceChange"":""637020.5895999999""}}}}"
watcher_fh_aa864d8c8c70ed6c,2026-06-03T11:37:54Z,Unknown HYPE Whale holds large Hyperliquid long position: $100.07M HYPE,"First-hand watcher alert. Entity: Unknown HYPE Whale. Metric: hyperliquid_position_long. Asset: HYPE. USD value: $100.07M. Native size: 1380042.66. Observed China time: 2026-06-03 19:37:54 UTC+8. Tx: . Threshold: position_value_usd>=10000000;change_type=position_snapshot;delta_usd=0.00;change_pct=0.000000. This is an observation for research and monitoring, not trading advice.",first_hand:hyperliquid_clearinghouse_state,HYPE,,HYPEUSDT,whale_position,observe,5,hyperliquid_position_long,hyperliquid_clearinghouse_state,Unknown HYPE Whale,0x082e843a431aef031264dc232693dd710aedca88,,1380042.66,100072413.45,medium,HYPE,fh_aa864d8c8c70ed6c,2026-06-03 19:37:54 UTC+8,hyperliquid_perp_position_snapshot,perp_position,review,true,large_hyperliquid_position,position_value_usd>=10000000;change_type=position_snapshot;delta_usd=0.00;change_pct=0.000000,100072413.45,"{""change_type"":""position_snapshot"",""delta_usd"":0.0,""change_pct"":0.0,""current"":{""type"":""oneWay"",""position"":{""coin"":""HYPE"",""szi"":""1380042.6599999999"",""leverage"":{""type"":""cross"",""value"":5},""entryPx"":""38.6755"",""positionValue"":""100072413.447239995"",""unrealizedPnl"":""46698483.4004919976"",""returnOnEquity"":""4.3746528839"",""liquidationPx"":""54.9286318789"",""marginUsed"":""20014482.689447999"",""maxLeverage"":5,""cumFunding"":{""allTime"":""2761399.0419720002"",""sinceOpen"":""2761399.0419720002"",""sinceChange"":""2044724.099381""}}}}"
watcher_fh_8a3ca560b51d49a2,2026-06-03T11:40:23Z,AORA scheduled token unlock is approaching: $115.61K,"First-hand watcher alert. Entity: coinmarketcap_token_unlocks. Metric: token_unlock_upcoming. Asset: AORA. USD value: $115.61K. Native size: 3.27. Observed China time: 2026-06-03 19:40:23 UTC+8. Tx: . Threshold: unlock_pct>=min_unlock_pct or amount_usd>=min_amount_usd. This is an observation for research and monitoring, not trading advice.",first_hand:token_unlock_calendar,AORA,,,token_unlock,risk,2,token_unlock_upcoming,token_unlock_calendar,coinmarketcap_token_unlocks,cmc_unlock_aora_913e03a674b8ab,,3.27,115613.40,medium,AORA,fh_8a3ca560b51d49a2,2026-06-03 19:40:23 UTC+8,scheduled_token_unlock,supply_event,review,false,,unlock_pct>=min_unlock_pct or amount_usd>=min_amount_usd,3.2700,"{""unlock_id"":""cmc_unlock_aora_913e03a674b8ab"",""asset_symbol"":""AORA"",""unlock_time_utc"":""2026-06-04T00:00:00Z"",""unlock_name"":""AORA next token unlock"",""unlock_amount_usd"":""115613.4"",""unlock_pct_circulating"":""3.27"",""source"":""coinmarketcap_token_unlocks"",""url"":""https://coinmarketcap.com/currencies/atlasora/"",""enabled"":""true"",""notes"":""provider=coinmarketcap_public_page_api; crypto_id=39690; name=AtlasOra; cmc_rank=3999; total_unlocked_pct=30.48; allocations=Aerodrome Ignition Program:$70,784; Ecosystem Fund:$44,830""}"
watcher_fh_204df23a3d9534e9,2026-06-03T11:40:23Z,LAB scheduled token unlock is approaching: $10.13M,"First-hand watcher alert. Entity: coinmarketcap_token_unlocks. Metric: token_unlock_upcoming. Asset: LAB. USD value: $10.13M. Native size: 0.05. Observed China time: 2026-06-03 19:40:23 UTC+8. Tx: . Threshold: unlock_pct>=min_unlock_pct or amount_usd>=min_amount_usd. This is an observation for research and monitoring, not trading advice.",first_hand:token_unlock_calendar,LAB,,,token_unlock,risk,4,token_unlock_upcoming,token_unlock_calendar,coinmarketcap_token_unlocks,cmc_unlock_lab_ab80b5227607b0,,0.05,10127642.47,medium,LAB,fh_204df23a3d9534e9,2026-06-03 19:40:23 UTC+8,scheduled_token_unlock,supply_event,review,false,,unlock_pct>=min_unlock_pct or amount_usd>=min_amount_usd,0.0500,"{""unlock_id"":""cmc_unlock_lab_ab80b5227607b0"",""asset_symbol"":""LAB"",""unlock_time_utc"":""2026-06-04T00:00:00Z"",""unlock_name"":""LAB next token unlock"",""unlock_amount_usd"":""10127642.47"",""unlock_pct_circulating"":""0.05"",""source"":""coinmarketcap_token_unlocks"",""url"":""https://coinmarketcap.com/currencies/lab/"",""enabled"":""true"",""notes"":""provider=coinmarketcap_public_page_api; crypto_id=33223; name=LAB; cmc_rank=202; total_unlocked_pct=43.37; allocations=Ecosystem & Rewards:$5,227,748; Marketing & Partnerships:$4,899,894""}"
watcher_fh_d176d5cdf93e9cb4,2026-06-03T11:40:23Z,GATA scheduled token unlock is approaching: $17.90K,"First-hand watcher alert. Entity: coinmarketcap_token_unlocks. Metric: token_unlock_upcoming. Asset: GATA. USD value: $17.90K. Native size: 2.98. Observed China time: 2026-06-03 19:40:23 UTC+8. Tx: . Threshold: unlock_pct>=min_unlock_pct or amount_usd>=min_amount_usd. This is an observation for research and monitoring, not trading advice.",first_hand:token_unlock_calendar,GATA,,,token_unlock,risk,2,token_unlock_upcoming,token_unlock_calendar,coinmarketcap_token_unlocks,cmc_unlock_gata_22018ff7c0d526,,2.98,17896.17,medium,GATA,fh_d176d5cdf93e9cb4,2026-06-03 19:40:23 UTC+8,scheduled_token_unlock,supply_event,review,false,,unlock_pct>=min_unlock_pct or amount_usd>=min_amount_usd,2.9800,"{""unlock_id"":""cmc_unlock_gata_22018ff7c0d526"",""asset_symbol"":""GATA"",""unlock_time_utc"":""2026-06-04T20:00:00Z"",""unlock_name"":""GATA next token unlock"",""unlock_amount_usd"":""17896.17"",""unlock_pct_circulating"":""2.98"",""source"":""coinmarketcap_token_unlocks"",""url"":""https://coinmarketcap.com/currencies/gata/"",""enabled"":""true"",""notes"":""provider=coinmarketcap_public_page_api; crypto_id=38277; name=Gata; cmc_rank=3045; total_unlocked_pct=27.48; allocations=Ecosystem incentives:$17,896""}"
watcher_fh_b65d96c15f643a4b,2026-06-03T11:40:23Z,CTT scheduled token unlock is approaching: $18.66K,"First-hand watcher alert. Entity: coinmarketcap_token_unlocks. Metric: token_unlock_upcoming. Asset: CTT. USD value: $18.66K. Native size: 2.51. Observed China time: 2026-06-03 19:40:23 UTC+8. Tx: . Threshold: unlock_pct>=min_unlock_pct or amount_usd>=min_amount_usd. This is an observation for research and monitoring, not trading advice.",first_hand:token_unlock_calendar,CTT,,,token_unlock,risk,2,token_unlock_upcoming,token_unlock_calendar,coinmarketcap_token_unlocks,cmc_unlock_ctt_712802d809c684,,2.51,18662.02,medium,CTT,fh_b65d96c15f643a4b,2026-06-03 19:40:23 UTC+8,scheduled_token_unlock,supply_event,review,false,,unlock_pct>=min_unlock_pct or amount_usd>=min_amount_usd,2.5100,"{""unlock_id"":""cmc_unlock_ctt_712802d809c684"",""asset_symbol"":""CTT"",""unlock_time_utc"":""2026-06-05T00:00:00Z"",""unlock_name"":""CTT next token unlock"",""unlock_amount_usd"":""18662.02"",""unlock_pct_circulating"":""2.51"",""source"":""coinmarketcap_token_unlocks"",""url"":""https://coinmarketcap.com/currencies/cashtree-token/"",""enabled"":""true"",""notes"":""provider=coinmarketcap_public_page_api; crypto_id=27934; name=Cashtree Token; cmc_rank=; total_unlocked_pct=66.45; allocations=Private Sale:$2,980; Advisor:$596; Team:$2,014; User Benefit:$3,907; Ecosystem:$7,152; Foundation:$2,014""}"
watcher_fh_515b692864a1d9e2,2026-06-03T11:40:23Z,ENA scheduled token unlock is approaching: $18.16M,"First-hand watcher alert. Entity: coinmarketcap_token_unlocks. Metric: token_unlock_upcoming. Asset: ENA. USD value: $18.16M. Native size: 1.15. Observed China time: 2026-06-03 19:40:23 UTC+8. Tx: . Threshold: unlock_pct>=min_unlock_pct or amount_usd>=min_amount_usd. This is an observation for research and monitoring, not trading advice.",first_hand:token_unlock_calendar,ENA,,,token_unlock,risk,4,token_unlock_upcoming,token_unlock_calendar,coinmarketcap_token_unlocks,cmc_unlock_ena_422d7202140d08,,1.15,18158295.95,medium,ENA,fh_515b692864a1d9e2,2026-06-03 19:40:23 UTC+8,scheduled_token_unlock,supply_event,review,false,,unlock_pct>=min_unlock_pct or amount_usd>=min_amount_usd,1.1500,"{""unlock_id"":""cmc_unlock_ena_422d7202140d08"",""asset_symbol"":""ENA"",""unlock_time_utc"":""2026-06-05T00:00:00Z"",""unlock_name"":""ENA next token unlock"",""unlock_amount_usd"":""18158295.95"",""unlock_pct_circulating"":""1.15"",""source"":""coinmarketcap_token_unlocks"",""url"":""https://coinmarketcap.com/currencies/ethena/"",""enabled"":""true"",""notes"":""provider=coinmarketcap_public_page_api; crypto_id=30171; name=Ethena; cmc_rank=61; total_unlocked_pct=60.81; allocations=Team/Advisors/Contractors:$9,904,525; Private Sale investor:$8,253,771""}"
watcher_fh_7a027a00f2f8f646,2026-06-03T11:40:23Z,MATTLE scheduled token unlock is approaching: $10.16K,"First-hand watcher alert. Entity: coinmarketcap_token_unlocks. Metric: token_unlock_upcoming. Asset: MATTLE. USD value: $10.16K. Native size: 2.22. Observed China time: 2026-06-03 19:40:23 UTC+8. Tx: . Threshold: unlock_pct>=min_unlock_pct or amount_usd>=min_amount_usd. This is an observation for research and monitoring, not trading advice.",first_hand:token_unlock_calendar,MATTLE,,,token_unlock,risk,2,token_unlock_upcoming,token_unlock_calendar,coinmarketcap_token_unlocks,cmc_unlock_mattle_0ef5614039ea64,,2.22,10158.34,medium,MATTLE,fh_7a027a00f2f8f646,2026-06-03 19:40:23 UTC+8,scheduled_token_unlock,supply_event,review,false,,unlock_pct>=min_unlock_pct or amount_usd>=min_amount_usd,2.2200,"{""unlock_id"":""cmc_unlock_mattle_0ef5614039ea64"",""asset_symbol"":""MATTLE"",""unlock_time_utc"":""2026-06-05T00:00:00Z"",""unlock_name"":""MATTLE next token unlock"",""unlock_amount_usd"":""10158.34"",""unlock_pct_circulating"":""2.22"",""source"":""coinmarketcap_token_unlocks"",""url"":""https://coinmarketcap.com/currencies/mattlefun/"",""enabled"":""true"",""notes"":""provider=coinmarketcap_public_page_api; crypto_id=38932; name=MattleFun; cmc_rank=2692; total_unlocked_pct=43.47; allocations=Treasury:$6,349; Team:$3,809""}"
watcher_fh_0e796bce7bd74ff1,2026-06-03T11:40:23Z,XION scheduled token unlock is approaching: $1.84M,"First-hand watcher alert. Entity: coinmarketcap_token_unlocks. Metric: token_unlock_upcoming. Asset: XION. USD value: $1.84M. Native size: 7.53. Observed China time: 2026-06-03 19:40:23 UTC+8. Tx: . Threshold: unlock_pct>=min_unlock_pct or amount_usd>=min_amount_usd. This is an observation for research and monitoring, not trading advice.",first_hand:token_unlock_calendar,XION,,,token_unlock,risk,3,token_unlock_upcoming,token_unlock_calendar,coinmarketcap_token_unlocks,cmc_unlock_xion_2dd8f3e2fa5ec7,,7.53,1837661.36,medium,XION,fh_0e796bce7bd74ff1,2026-06-03 19:40:23 UTC+8,scheduled_token_unlock,supply_event,review,false,,unlock_pct>=min_unlock_pct or amount_usd>=min_amount_usd,7.5300,"{""unlock_id"":""cmc_unlock_xion_2dd8f3e2fa5ec7"",""asset_symbol"":""XION"",""unlock_time_utc"":""2026-06-05T05:00:00Z"",""unlock_name"":""XION next token unlock"",""unlock_amount_usd"":""1837661.36"",""unlock_pct_circulating"":""7.53"",""source"":""coinmarketcap_token_unlocks"",""url"":""https://coinmarketcap.com/currencies/xion/"",""enabled"":""true"",""notes"":""provider=coinmarketcap_public_page_api; crypto_id=32089; name=XION; cmc_rank=1043; total_unlocked_pct=38.5; allocations=Ecosystem Incentives & Project Incubation:$108,880; Community & Launch:$25,238; Protocol & Foundation:$67,271; Strategic Backers:$1,636,272""}"
watcher_fh_da3de894877ad150,2026-06-03T11:40:23Z,CUDIS scheduled token unlock is approaching: $153.29K,"First-hand watcher alert. Entity: coinmarketcap_token_unlocks. Metric: token_unlock_upcoming. Asset: CUDIS. USD value: $153.29K. Native size: 2.46. Observed China time: 2026-06-03 19:40:23 UTC+8. Tx: . Threshold: unlock_pct>=min_unlock_pct or amount_usd>=min_amount_usd. This is an observation for research and monitoring, not trading advice.",first_hand:token_unlock_calendar,CUDIS,,,token_unlock,risk,2,token_unlock_upcoming,token_unlock_calendar,coinmarketcap_token_unlocks,cmc_unlock_cudis_c59af2d5f4d50d,,2.46,153294.41,medium,CUDIS,fh_da3de894877ad150,2026-06-03 19:40:23 UTC+8,scheduled_token_unlock,supply_event,review,false,,unlock_pct>=min_unlock_pct or amount_usd>=min_amount_usd,2.4600,"{""unlock_id"":""cmc_unlock_cudis_c59af2d5f4d50d"",""asset_symbol"":""CUDIS"",""unlock_time_utc"":""2026-06-05T08:00:00Z"",""unlock_name"":""CUDIS next token unlock"",""unlock_amount_usd"":""153294.41"",""unlock_pct_circulating"":""2.46"",""source"":""coinmarketcap_token_unlocks"",""url"":""https://coinmarketcap.com/currencies/cudis/"",""enabled"":""true"",""notes"":""provider=coinmarketcap_public_page_api; crypto_id=36396; name=CUDIS; cmc_rank=1740; total_unlocked_pct=38.16; allocations=Private Sale investor:$29,405; Team:$19,459; Treasury:$15,567; Advisors:$12,973; Community 1:$38,918; Ecosystem incentives:$36,972""}"
watcher_fh_6e2438cb6887fe00,2026-06-03T11:40:23Z,POWER scheduled token unlock is approaching: $1.64M,"First-hand watcher alert. Entity: coinmarketcap_token_unlocks. Metric: token_unlock_upcoming. Asset: POWER. USD value: $1.64M. Native size: 2.16. Observed China time: 2026-06-03 19:40:23 UTC+8. Tx: . Threshold: unlock_pct>=min_unlock_pct or amount_usd>=min_amount_usd. This is an observation for research and monitoring, not trading advice.",first_hand:token_unlock_calendar,POWER,,,token_unlock,risk,3,token_unlock_upcoming,token_unlock_calendar,coinmarketcap_token_unlocks,cmc_unlock_power_2a388eb48fc37f,,2.16,1641640.78,medium,POWER,fh_6e2438cb6887fe00,2026-06-03 19:40:23 UTC+8,scheduled_token_unlock,supply_event,review,false,,unlock_pct>=min_unlock_pct or amount_usd>=min_amount_usd,2.1600,"{""unlock_id"":""cmc_unlock_power_2a388eb48fc37f"",""asset_symbol"":""POWER"",""unlock_time_utc"":""2026-06-05T16:00:00Z"",""unlock_name"":""POWER next token unlock"",""unlock_amount_usd"":""1641640.78"",""unlock_pct_circulating"":""2.16"",""source"":""coinmarketcap_token_unlocks"",""url"":""https://coinmarketcap.com/currencies/powerprotocol/"",""enabled"":""true"",""notes"":""provider=coinmarketcap_public_page_api; crypto_id=39042; name=Power Protocol; cmc_rank=826; total_unlocked_pct=27.97; allocations=Ecosystem Fund:$407,550; Community 1:$326,040; Investors 1:$893,656; Investors 3:$14,394""}"
watcher_fh_856b44471d92db67,2026-06-03T11:40:23Z,BERA scheduled token unlock is approaching: $4.19M,"First-hand watcher alert. Entity: coinmarketcap_token_unlocks. Metric: token_unlock_upcoming. Asset: BERA. USD value: $4.19M. Native size: 2.45. Observed China time: 2026-06-03 19:40:23 UTC+8. Tx: . Threshold: unlock_pct>=min_unlock_pct or amount_usd>=min_amount_usd. This is an observation for research and monitoring, not trading advice.",first_hand:token_unlock_calendar,BERA,,,token_unlock,risk,3,token_unlock_upcoming,token_unlock_calendar,coinmarketcap_token_unlocks,cmc_unlock_bera_c5fe2609c4e49d,,2.45,4191095.46,medium,BERA,fh_856b44471d92db67,2026-06-03 19:40:23 UTC+8,scheduled_token_unlock,supply_event,review,false,,unlock_pct>=min_unlock_pct or amount_usd>=min_amount_usd,2.4500,"{""unlock_id"":""cmc_unlock_bera_c5fe2609c4e49d"",""asset_symbol"":""BERA"",""unlock_time_utc"":""2026-06-06T00:00:00Z"",""unlock_name"":""BERA next token unlock"",""unlock_amount_usd"":""4191095.46"",""unlock_pct_circulating"":""2.45"",""source"":""coinmarketcap_token_unlocks"",""url"":""https://coinmarketcap.com/currencies/berachain/"",""enabled"":""true"",""notes"":""provider=coinmarketcap_public_page_api; crypto_id=24647; name=Berachain; cmc_rank=270; total_unlocked_pct=40.83; allocations=Ecosystem Incentives:$573,598; Private Investors:$1,879,367; Early Contributors:$921,593; Airdrops:$104,087; Community:$712,451""}"
watcher_fh_ae335e054e793ea4,2026-06-03T11:40:23Z,MYX scheduled token unlock is approaching: $13.06M,"First-hand watcher alert. Entity: coinmarketcap_token_unlocks. Metric: token_unlock_upcoming. Asset: MYX. USD value: $13.06M. Native size: 3.27. Observed China time: 2026-06-03 19:40:23 UTC+8. Tx: . Threshold: unlock_pct>=min_unlock_pct or amount_usd>=min_amount_usd. This is an observation for research and monitoring, not trading advice.",first_hand:token_unlock_calendar,MYX,,,token_unlock,risk,4,token_unlock_upcoming,token_unlock_calendar,coinmarketcap_token_unlocks,cmc_unlock_myx_4a43a3179d4748,,3.27,13057798.79,medium,MYX,fh_ae335e054e793ea4,2026-06-03 19:40:23 UTC+8,scheduled_token_unlock,supply_event,review,false,,unlock_pct>=min_unlock_pct or amount_usd>=min_amount_usd,3.2700,"{""unlock_id"":""cmc_unlock_myx_4a43a3179d4748"",""asset_symbol"":""MYX"",""unlock_time_utc"":""2026-06-06T08:00:00Z"",""unlock_name"":""MYX next token unlock"",""unlock_amount_usd"":""13057798.79"",""unlock_pct_circulating"":""3.27"",""source"":""coinmarketcap_token_unlocks"",""url"":""https://coinmarketcap.com/currencies/myx-finance/"",""enabled"":""true"",""notes"":""provider=coinmarketcap_public_page_api; crypto_id=36410; name=MYX Finance; cmc_rank=177; total_unlocked_pct=29.75; allocations=Team/Advisors/Contractors:$3,331,785; Private Sale investor:$2,915,312; Ecosystem incentives1:$6,810,702""}"
