event_id,event_time,event_time_utc,event_time_china,title,content,source,asset_symbol,binance_spot_symbol,binance_futures_symbol,event_type,direction_hint,importance,data_provider,market_type,symbol_used,raw_backtest_mode,price_target_t0_utc,price_target_t0_china,price_target_1h_utc,price_target_1h_china,price_target_4h_utc,price_target_4h_china,price_target_24h_utc,price_target_24h_china,price_target_72h_utc,price_target_72h_china,asset_price_t0_kline_time_utc,asset_price_t0_kline_time_china,asset_price_1h_kline_time_utc,asset_price_1h_kline_time_china,asset_price_4h_kline_time_utc,asset_price_4h_kline_time_china,asset_price_24h_kline_time_utc,asset_price_24h_kline_time_china,asset_price_72h_kline_time_utc,asset_price_72h_kline_time_china,btc_price_t0_kline_time_utc,btc_price_t0_kline_time_china,btc_price_1h_kline_time_utc,btc_price_1h_kline_time_china,btc_price_4h_kline_time_utc,btc_price_4h_kline_time_china,btc_price_24h_kline_time_utc,btc_price_24h_kline_time_china,btc_price_72h_kline_time_utc,btc_price_72h_kline_time_china,eth_price_t0_kline_time_utc,eth_price_t0_kline_time_china,eth_price_1h_kline_time_utc,eth_price_1h_kline_time_china,eth_price_4h_kline_time_utc,eth_price_4h_kline_time_china,eth_price_24h_kline_time_utc,eth_price_24h_kline_time_china,eth_price_72h_kline_time_utc,eth_price_72h_kline_time_china,asset_price_t0,asset_price_1h,asset_price_4h,asset_price_24h,asset_price_72h,btc_price_t0,btc_price_1h,btc_price_4h,btc_price_24h,btc_price_72h,eth_price_t0,eth_price_1h,eth_price_4h,eth_price_24h,eth_price_72h,asset_return_1h,asset_return_4h,asset_return_24h,asset_return_72h,btc_return_1h,btc_return_4h,btc_return_24h,btc_return_72h,eth_return_1h,eth_return_4h,eth_return_24h,eth_return_72h,abnormal_vs_btc_1h,abnormal_vs_btc_4h,abnormal_vs_btc_24h,abnormal_vs_btc_72h,abnormal_vs_eth_1h,abnormal_vs_eth_4h,abnormal_vs_eth_24h,abnormal_vs_eth_72h,status,skip_reason
cand_00077,2026-05-19 08:36:06 UTC+8,2026-05-19T00:36:06Z,2026-05-19 08:36:06 UTC+8,"Whale Loracle.hl (@loraclexyz) has further increased his $HYPE (5x) short position to 1.44M $HYPE, valued at $69.3M with","Whale Loracle.hl (@loraclexyz) has further increased his $HYPE (5x) short position to 1.44M $HYPE, valued at $69.3M with a liquidation price of $69.64 and a floating loss of ~$8M.

https://t.co/Z3vQB9Mk8z https://t.co/U6SMTvfHfd",webhook,HYPE,,HYPEUSDT,whale_position,observe,3,binance,futures,HYPEUSDT,published_after_event,2026-05-19T00:36:06Z,2026-05-19 08:36:06 UTC+8,2026-05-19T01:36:06Z,2026-05-19 09:36:06 UTC+8,2026-05-19T04:36:06Z,2026-05-19 12:36:06 UTC+8,2026-05-20T00:36:06Z,2026-05-20 08:36:06 UTC+8,2026-05-22T00:36:06Z,2026-05-22 08:36:06 UTC+8,2026-05-19T00:37:00Z,2026-05-19 08:37:00 UTC+8,2026-05-19T01:37:00Z,2026-05-19 09:37:00 UTC+8,2026-05-19T04:37:00Z,2026-05-19 12:37:00 UTC+8,2026-05-20T00:37:00Z,2026-05-20 08:37:00 UTC+8,2026-05-22T00:37:00Z,2026-05-22 08:37:00 UTC+8,2026-05-19T00:37:00Z,2026-05-19 08:37:00 UTC+8,2026-05-19T01:37:00Z,2026-05-19 09:37:00 UTC+8,2026-05-19T04:37:00Z,2026-05-19 12:37:00 UTC+8,2026-05-20T00:37:00Z,2026-05-20 08:37:00 UTC+8,2026-05-22T00:37:00Z,2026-05-22 08:37:00 UTC+8,2026-05-19T00:37:00Z,2026-05-19 08:37:00 UTC+8,2026-05-19T01:37:00Z,2026-05-19 09:37:00 UTC+8,2026-05-19T04:37:00Z,2026-05-19 12:37:00 UTC+8,2026-05-20T00:37:00Z,2026-05-20 08:37:00 UTC+8,2026-05-22T00:37:00Z,2026-05-22 08:37:00 UTC+8,47.96,47.636,47.536,47.35,57.681,77238.73,76856.14,76854.59,76702.31,77524.71,2139.01,2130.88,2133.01,2109.4,2133.39,-0.006755629691409415,-0.008840700583819805,-0.012718932443703035,0.20268974145120922,-0.004953344002419424,-0.004973411655007753,-0.006944961420261575,0.0037025466369011717,-0.0038008237455645633,-0.0028050359745863673,-0.013842852534583838,-0.002627383696196084,-0.0018022856889899908,-0.0038672889288120516,-0.00577397102344146,0.19898719481430804,-0.0029548059458448517,-0.006035664609233438,0.0011239200908808034,0.2053171251474053,ok,
cand_00419,2026-05-19 01:41:53 UTC+8,2026-05-18T17:41:53Z,2026-05-19 01:41:53 UTC+8,White House: Bitcoin Reserve Announcement Is Imminent,"The White House is nearing a formal announcement on a U.S. Strategic Bitcoin Reserve, with Patrick Witt saying the administration has already cleared a key legal hurdle.

The White House is on the verge of a formal announcement on the U.S. Strategic Bitcoin Reserve — and the official leading the charge says the hard part is done.

Patrick Witt, Executive Director of the President’s Council of Advisors for Digital Assets, told an interviewer this week that the administration has cleared a major legal hurdle in standing up the reserve.

“We’ll have an announcement,” Witt said. “I wish I could say more… It’s a breakthrough as far as getting everything in place, legally sound, properly safeguarding the assets.”

The signal follows a similar declaration Witt made at the Bitcoin 2026 conference in Las Vegas, where he told the crowd an update was coming within weeks.

President Trump signed the executive order establishing the Strategic Bitcoin Reserve on March 6, 2025. Since then, Witt says his deputy Harry John has driven the interagency process: identifying what legal authorities exist, commissioning the necessary legal memos, and building a custody and reporting infrastructure across federal agencies that were designed for gold, not private keys.

The reserve holds an estimated 328,372 BTC — roughly 1.6% of total global supply — accumulated through law enforcement seizures, including the Silk Road takedown, the 2022 Bitfinex hack recovery, and years of criminal forfeitures.

The executive order bars the Treasury from selling a single coin.

Witt pointed to a breach at the U.S. Marshals Service as proof that the reserve’s security mandate is urgent. A government contractor named John Daghita allegedly stole more than $46 million in cryptocurrency from USMS custody accounts in late 2025, and the FBI arrested him in March 2026. A separate $24 million theft was traced to October 2024.

“It’s a case in point for why it was so necessary that the president established the SBR,” Witt said.

An executive order dies the moment a new president takes office. That vulnerability is the core argument for two bills now moving through Congress. Rep. Nick Begich recently rebranded the BITCOIN Act as the American Reserves Modernization Act (ARMA), which would authorize the U.S. Treasury to purchase up to 200,000 BTC per year for five years — with holdings locked for a minimum of 20 years. Senator Cynthia Lummis has put Congress on a deadline, pushing for a vote before the summer recess as midterm campaigning begins to consume floor time.

If the BITCOIN Act passes, the Treasury’s first open-market Bitcoin purchase is projected for Q4 2026 — making the U.S. the first sovereign nation to actively accumulate Bitcoin as a strategic reserve asset.",news:bitcoinmagazine,BTC,BTCUSDT,BTCUSDT,hack_security,risk,4,binance,spot,BTCUSDT,published_after_event,2026-05-18T17:41:53Z,2026-05-19 01:41:53 UTC+8,2026-05-18T18:41:53Z,2026-05-19 02:41:53 UTC+8,2026-05-18T21:41:53Z,2026-05-19 05:41:53 UTC+8,2026-05-19T17:41:53Z,2026-05-20 01:41:53 UTC+8,2026-05-21T17:41:53Z,2026-05-22 01:41:53 UTC+8,2026-05-18T17:42:00Z,2026-05-19 01:42:00 UTC+8,2026-05-18T18:42:00Z,2026-05-19 02:42:00 UTC+8,2026-05-18T21:42:00Z,2026-05-19 05:42:00 UTC+8,2026-05-19T17:42:00Z,2026-05-20 01:42:00 UTC+8,2026-05-21T17:42:00Z,2026-05-22 01:42:00 UTC+8,2026-05-18T17:42:00Z,2026-05-19 01:42:00 UTC+8,2026-05-18T18:42:00Z,2026-05-19 02:42:00 UTC+8,2026-05-18T21:42:00Z,2026-05-19 05:42:00 UTC+8,2026-05-19T17:42:00Z,2026-05-20 01:42:00 UTC+8,2026-05-21T17:42:00Z,2026-05-22 01:42:00 UTC+8,2026-05-18T17:42:00Z,2026-05-19 01:42:00 UTC+8,2026-05-18T18:42:00Z,2026-05-19 02:42:00 UTC+8,2026-05-18T21:42:00Z,2026-05-19 05:42:00 UTC+8,2026-05-19T17:42:00Z,2026-05-20 01:42:00 UTC+8,2026-05-21T17:42:00Z,2026-05-22 01:42:00 UTC+8,76614.5,76308.43,77043.74,76940.28,77909.82,76614.5,76308.43,77043.74,76940.28,77909.82,2105.39,2086.36,2137.29,2117.9,2146.96,-0.003994935684498491,0.005602594809076766,0.004252197691037685,0.01690698235973609,-0.003994935684498491,0.005602594809076766,0.004252197691037685,0.01690698235973609,-0.00903870541799845,0.015151587116876142,0.005941892001007032,0.019744560390236643,0.0,0.0,0.0,0.0,0.005043769733499959,-0.009548992307799375,-0.0016896943099693473,-0.002837578030500554,ok,
cand_00074,2026-05-19 08:40:15 UTC+8,2026-05-19T00:40:15Z,2026-05-19 08:40:15 UTC+8,Santiment：持有至少100 BTC的钱包数量增至20229,"币界网消息，据Cointelegraph报道，持有至少100枚BTC的钱包数量已上升至20,229个，比一年前增长了11.2%。这表明，尽管市场波动，鲸鱼和机构投资者仍在持续积累比特币。",webhook,BTC,BTCUSDT,BTCUSDT,institutional_flow,observe,4,binance,spot,BTCUSDT,published_after_event,2026-05-19T00:40:15Z,2026-05-19 08:40:15 UTC+8,2026-05-19T01:40:15Z,2026-05-19 09:40:15 UTC+8,2026-05-19T04:40:15Z,2026-05-19 12:40:15 UTC+8,2026-05-20T00:40:15Z,2026-05-20 08:40:15 UTC+8,2026-05-22T00:40:15Z,2026-05-22 08:40:15 UTC+8,2026-05-19T00:41:00Z,2026-05-19 08:41:00 UTC+8,2026-05-19T01:41:00Z,2026-05-19 09:41:00 UTC+8,2026-05-19T04:41:00Z,2026-05-19 12:41:00 UTC+8,2026-05-20T00:41:00Z,2026-05-20 08:41:00 UTC+8,2026-05-22T00:41:00Z,2026-05-22 08:41:00 UTC+8,2026-05-19T00:41:00Z,2026-05-19 08:41:00 UTC+8,2026-05-19T01:41:00Z,2026-05-19 09:41:00 UTC+8,2026-05-19T04:41:00Z,2026-05-19 12:41:00 UTC+8,2026-05-20T00:41:00Z,2026-05-20 08:41:00 UTC+8,2026-05-22T00:41:00Z,2026-05-22 08:41:00 UTC+8,2026-05-19T00:41:00Z,2026-05-19 08:41:00 UTC+8,2026-05-19T01:41:00Z,2026-05-19 09:41:00 UTC+8,2026-05-19T04:41:00Z,2026-05-19 12:41:00 UTC+8,2026-05-20T00:41:00Z,2026-05-20 08:41:00 UTC+8,2026-05-22T00:41:00Z,2026-05-22 08:41:00 UTC+8,77159.57,76778.88,76888.38,76717.53,77451.04,77159.57,76778.88,76888.38,76717.53,77451.04,2136.63,2129.62,2133.69,2110.32,2131.38,-0.004933801471418309,-0.0035146644803749627,-0.0057289069910577695,0.0037774964272090372,-0.004933801471418309,-0.0035146644803749627,-0.0057289069910577695,0.0037774964272090372,-0.0032808675343883875,-0.0013759986520829326,-0.012313783855885219,-0.0024571404501481098,0.0,0.0,0.0,0.0,-0.0016529339370299212,-0.00213866582829203,0.006584876864827449,0.006234636877357147,ok,
cand_00484,2026-05-19 00:50:18 UTC+8,2026-05-18T16:50:18Z,2026-05-19 00:50:18 UTC+8,Adshares桥攻击者归还256枚ETH，覆盖86%被盗资金,币界网消息，据Cointelegraph报道，Adshares桥的攻击者已归还256枚ETH，覆盖了被盗资金的86%。,webhook,ETH,ETHUSDT,ETHUSDT,hack_security,risk,4,binance,spot,ETHUSDT,published_after_event,2026-05-18T16:50:18Z,2026-05-19 00:50:18 UTC+8,2026-05-18T17:50:18Z,2026-05-19 01:50:18 UTC+8,2026-05-18T20:50:18Z,2026-05-19 04:50:18 UTC+8,2026-05-19T16:50:18Z,2026-05-20 00:50:18 UTC+8,2026-05-21T16:50:18Z,2026-05-22 00:50:18 UTC+8,2026-05-18T16:51:00Z,2026-05-19 00:51:00 UTC+8,2026-05-18T17:51:00Z,2026-05-19 01:51:00 UTC+8,2026-05-18T20:51:00Z,2026-05-19 04:51:00 UTC+8,2026-05-19T16:51:00Z,2026-05-20 00:51:00 UTC+8,2026-05-21T16:51:00Z,2026-05-22 00:51:00 UTC+8,2026-05-18T16:51:00Z,2026-05-19 00:51:00 UTC+8,2026-05-18T17:51:00Z,2026-05-19 01:51:00 UTC+8,2026-05-18T20:51:00Z,2026-05-19 04:51:00 UTC+8,2026-05-19T16:51:00Z,2026-05-20 00:51:00 UTC+8,2026-05-21T16:51:00Z,2026-05-22 00:51:00 UTC+8,2026-05-18T16:51:00Z,2026-05-19 00:51:00 UTC+8,2026-05-18T17:51:00Z,2026-05-19 01:51:00 UTC+8,2026-05-18T20:51:00Z,2026-05-19 04:51:00 UTC+8,2026-05-19T16:51:00Z,2026-05-20 00:51:00 UTC+8,2026-05-21T16:51:00Z,2026-05-22 00:51:00 UTC+8,2099.94,2109.69,2115.6,2118.96,2124.75,76424.1,76739.86,76891.59,76837.14,77060.48,2099.94,2109.69,2115.6,2118.96,2124.75,0.004642989799708452,0.007457355924454845,0.00905740164004687,0.011814623274950753,0.00413168097498029,0.00611704946476288,0.005404577875303573,0.008326954455466051,0.004642989799708452,0.007457355924454845,0.00905740164004687,0.011814623274950753,0.0005113088247281627,0.0013403064596919645,0.003652823764743296,0.0034876688194847016,0.0,0.0,0.0,0.0,ok,
cand_00304,2026-05-19 04:00:00 UTC+8,2026-05-18T20:00:00Z,2026-05-19 04:00:00 UTC+8,Kraken revenue hits $507m in Q1 despite slump,"Kraken revenue rose 3% year-on-year to $507m in Q1 2026 as futures trading jumped 51%, Payward said Monday.

Payward, Kraken’s Wyoming-based parent company, said in a Monday press release that it generated $507 million in Q1 2026 adjusted revenue, up 3% from the same quarter a year earlier. Bitcoin fell 22% during the quarter and industry-wide spot trading volume dropped 38%, yet Payward’s diversified platform cushioned the decline.

A year earlier, Payward had reported $492 million in Q1 2025 adjusted revenue, making the 3% year-on-year gain notable given the steeper market downturn this cycle.

Co-CEO Arjun Sethi said in the release: “Where others pulled back, we leaned in.” Growth in futures and newer business lines offset weakness in core crypto markets, with Kraken’s spot market share rising to 5.2% in March from roughly 3.5% in mid-2025.

Rival platforms reported sharper declines in trading revenue over the same period. Payward attributed its resilience to its stronger institutional business and growing derivatives offering, built partly through its $550 million acquisition of CFTC-licensed platform Bitnomial, which crypto.news covered when the deal completed on May 4.

Total platform transaction volume reached $357 billion in Q1, while funded accounts rose 47% year-on-year to 6.1 million and assets on platform reached $40 billion.

Adjusted EBITDA fell to $18 million as Payward continued investing in acquisitions including tokenization platform Backed, token management firm Magna, Bitnomial, and payments company Reap.

Crypto.news reported that non-trading revenue sources including custody, payments, and financing accounted for 53% of Payward’s 2025 total, a structural shift that reduces dependence on volatile trading volumes.

Payward filed its draft S-1 with the SEC confidentially in November 2025 but paused the process in March, citing market conditions. Sources indicate a public listing may slip to 2027. The exchange also cut approximately 150 employees in May, attributing the reductions to AI-driven operational efficiencies, representing roughly 5% of its total workforce.

Payward’s M&A push positions it as the most comprehensively regulated crypto derivatives platform in the US. Crypto.news documented how the Bitnomial deal and Deutsche Börse’s $200 million stake established Payward as a regulated hub for digital asset futures and options inside the US, with its IPO filing remaining active.",news:cryptonews,BTC,BTCUSDT,BTCUSDT,macro,observe,4,binance,spot,BTCUSDT,published_after_event,2026-05-18T20:00:00Z,2026-05-19 04:00:00 UTC+8,2026-05-18T21:00:00Z,2026-05-19 05:00:00 UTC+8,2026-05-19T00:00:00Z,2026-05-19 08:00:00 UTC+8,2026-05-19T20:00:00Z,2026-05-20 04:00:00 UTC+8,2026-05-21T20:00:00Z,2026-05-22 04:00:00 UTC+8,2026-05-18T20:00:00Z,2026-05-19 04:00:00 UTC+8,2026-05-18T21:00:00Z,2026-05-19 05:00:00 UTC+8,2026-05-19T00:00:00Z,2026-05-19 08:00:00 UTC+8,2026-05-19T20:00:00Z,2026-05-20 04:00:00 UTC+8,2026-05-21T20:00:00Z,2026-05-22 04:00:00 UTC+8,2026-05-18T20:00:00Z,2026-05-19 04:00:00 UTC+8,2026-05-18T21:00:00Z,2026-05-19 05:00:00 UTC+8,2026-05-19T00:00:00Z,2026-05-19 08:00:00 UTC+8,2026-05-19T20:00:00Z,2026-05-20 04:00:00 UTC+8,2026-05-21T20:00:00Z,2026-05-22 04:00:00 UTC+8,2026-05-18T20:00:00Z,2026-05-19 04:00:00 UTC+8,2026-05-18T21:00:00Z,2026-05-19 05:00:00 UTC+8,2026-05-19T00:00:00Z,2026-05-19 08:00:00 UTC+8,2026-05-19T20:00:00Z,2026-05-20 04:00:00 UTC+8,2026-05-21T20:00:00Z,2026-05-22 04:00:00 UTC+8,76992.28,76934.89,77044.25,76857.41,77731.53,76992.28,76934.89,77044.25,76857.41,77731.53,2128.19,2119.17,2130.96,2112.42,2143.07,-0.0007453994088757465,0.0006750027405344472,-0.0017517340699612083,0.00960161200577514,-0.0007453994088757465,0.0006750027405344472,-0.0017517340699612083,0.00960161200577514,-0.004238343380995158,0.001301575517223652,-0.007410052673868406,0.0069918569300673195,0.0,0.0,0.0,0.0,0.003492943972119411,-0.0006265727766892049,0.0056583186039071975,0.0026097550757078203,ok,
cand_00112,2026-05-19 08:00:00 UTC+8,2026-05-19T00:00:00Z,2026-05-19 08:00:00 UTC+8,Galaxy Digital wins New York BitLicense,"Galaxy Digital secured a BitLicense from New York on May 18 to offer regulated crypto services to institutions.

Galaxy Digital announced on May 18 that the New York State Department of Financial Services granted its subsidiary GalaxyOne Prime NY both a BitLicense and a Money Transmission License.

The approvals authorise Galaxy to offer regulated digital asset trading and custody services to institutions across New York State, including registered investment advisers, hedge funds, and family offices on a platform managing approximately $9 billion in client assets.

“New York is home to the deepest pool of institutional capital in the country, and digital assets are no longer sitting at the edge of those allocations,” said Mike Novogratz, Galaxy’s founder and CEO, in a statement.

Galaxy becomes only the second firm to receive a BitLicense in 2026, following bitcoin payments firm Strike, which secured NYDFS approval in March.

The framework, introduced in 2015, is one of the strictest crypto licensing regimes in the US, requiring capital minimums, ongoing compliance reviews, and cybersecurity oversight. Only around 40 companies have been approved since launch. New York now joins Galaxy’s regulatory network of more than 50 global licences.

As crypto.news reported , Galaxy research head Alex Thorn has been closely tracking institutional Bitcoin allocations throughout 2026. The New York BitLicense gives Galaxy’s trading and custody platform direct access to the institutions driving those flows, in a state that holds the largest concentration of hedge funds and investment advisers in the US.

BitLicense holders include Coinbase, Robinhood, Circle, and PayPal, making Galaxy’s approval a signal that NYDFS continues selectively admitting crypto firms. As crypto.news documented in its 2025 coverage of Galaxy’s Q2 results, the firm has been building out its data center and AI infrastructure alongside its digital asset platform.

The New York licence now opens one of the world’s largest institutional pools to a firm that generated record results in Global Markets last year and has expanded its data center operations significantly since.

Galaxy’s shares fell 2.36% to $28.91 in pre-market trading on Monday despite the approval, reflecting broader market weakness on the day.",news:cryptonews,BTC,BTCUSDT,BTCUSDT,macro,observe,4,binance,spot,BTCUSDT,published_after_event,2026-05-19T00:00:00Z,2026-05-19 08:00:00 UTC+8,2026-05-19T01:00:00Z,2026-05-19 09:00:00 UTC+8,2026-05-19T04:00:00Z,2026-05-19 12:00:00 UTC+8,2026-05-20T00:00:00Z,2026-05-20 08:00:00 UTC+8,2026-05-22T00:00:00Z,2026-05-22 08:00:00 UTC+8,2026-05-19T00:00:00Z,2026-05-19 08:00:00 UTC+8,2026-05-19T01:00:00Z,2026-05-19 09:00:00 UTC+8,2026-05-19T04:00:00Z,2026-05-19 12:00:00 UTC+8,2026-05-20T00:00:00Z,2026-05-20 08:00:00 UTC+8,2026-05-22T00:00:00Z,2026-05-22 08:00:00 UTC+8,2026-05-19T00:00:00Z,2026-05-19 08:00:00 UTC+8,2026-05-19T01:00:00Z,2026-05-19 09:00:00 UTC+8,2026-05-19T04:00:00Z,2026-05-19 12:00:00 UTC+8,2026-05-20T00:00:00Z,2026-05-20 08:00:00 UTC+8,2026-05-22T00:00:00Z,2026-05-22 08:00:00 UTC+8,2026-05-19T00:00:00Z,2026-05-19 08:00:00 UTC+8,2026-05-19T01:00:00Z,2026-05-19 09:00:00 UTC+8,2026-05-19T04:00:00Z,2026-05-19 12:00:00 UTC+8,2026-05-20T00:00:00Z,2026-05-20 08:00:00 UTC+8,2026-05-22T00:00:00Z,2026-05-22 08:00:00 UTC+8,77044.25,77085.66,76750.0,76814.0,77600.27,77044.25,77085.66,76750.0,76814.0,77600.27,2130.96,2134.03,2130.57,2110.54,2132.47,0.0005374833293854131,-0.0038192337520320807,-0.0029885422987439014,0.007216891591520502,0.0005374833293854131,-0.0038192337520320807,-0.0029885422987439014,0.007216891591520502,0.001440665240079575,-0.00018301610541726632,-0.009582535570822559,0.0007086008184102877,0.0,0.0,0.0,0.0,-0.0009031819106941619,-0.0036362176466148144,0.006593993272078658,0.006508290773110215,ok,
cand_00339,2026-05-19 03:17:10 UTC+8,2026-05-18T19:17:10Z,2026-05-19 03:17:10 UTC+8,JUST IN: Pro-Bitcoin Kevin Warsh to be sworn in as Federal Reserve Chair this Friday 👀🇺🇸 https://t.co/61p7sCHfHu,JUST IN: Pro-Bitcoin Kevin Warsh to be sworn in as Federal Reserve Chair this Friday 👀🇺🇸 https://t.co/61p7sCHfHu,webhook,BTC,BTCUSDT,BTCUSDT,macro,observe,4,binance,spot,BTCUSDT,published_after_event,2026-05-18T19:17:10Z,2026-05-19 03:17:10 UTC+8,2026-05-18T20:17:10Z,2026-05-19 04:17:10 UTC+8,2026-05-18T23:17:10Z,2026-05-19 07:17:10 UTC+8,2026-05-19T19:17:10Z,2026-05-20 03:17:10 UTC+8,2026-05-21T19:17:10Z,2026-05-22 03:17:10 UTC+8,2026-05-18T19:18:00Z,2026-05-19 03:18:00 UTC+8,2026-05-18T20:18:00Z,2026-05-19 04:18:00 UTC+8,2026-05-18T23:18:00Z,2026-05-19 07:18:00 UTC+8,2026-05-19T19:18:00Z,2026-05-20 03:18:00 UTC+8,2026-05-21T19:18:00Z,2026-05-22 03:18:00 UTC+8,2026-05-18T19:18:00Z,2026-05-19 03:18:00 UTC+8,2026-05-18T20:18:00Z,2026-05-19 04:18:00 UTC+8,2026-05-18T23:18:00Z,2026-05-19 07:18:00 UTC+8,2026-05-19T19:18:00Z,2026-05-20 03:18:00 UTC+8,2026-05-21T19:18:00Z,2026-05-22 03:18:00 UTC+8,2026-05-18T19:18:00Z,2026-05-19 03:18:00 UTC+8,2026-05-18T20:18:00Z,2026-05-19 04:18:00 UTC+8,2026-05-18T23:18:00Z,2026-05-19 07:18:00 UTC+8,2026-05-19T19:18:00Z,2026-05-20 03:18:00 UTC+8,2026-05-21T19:18:00Z,2026-05-22 03:18:00 UTC+8,76632.22,77073.4,77039.07,76960.31,77581.89,76632.22,77073.4,77039.07,76960.31,77581.89,2105.89,2126.63,2133.21,2119.14,2134.21,0.0057571084329801625,0.0053091245431753364,0.004281358415559433,0.012392568034698792,0.0057571084329801625,0.0053091245431753364,0.004281358415559433,0.012392568034698792,0.009848567589000545,0.012973137248384337,0.0062918765937443055,0.013447995859233064,0.0,0.0,0.0,0.0,-0.004091459156020383,-0.007664012705209,-0.0020105181781848724,-0.0010554278245342719,ok,
cand_00016,2026-05-19 10:12:50 UTC+8,2026-05-19T02:12:50Z,2026-05-19 10:12:50 UTC+8,"5/18 Ethereum ETF Net Flow: $-84.14m
$ETHA (BlackRock): –$55.40m
$FETH (Fidelity): –$14.70m
$ETHW (Bitwise): $0.00m
$TET","5/18 Ethereum ETF Net Flow: $-84.14m
$ETHA (BlackRock): –$55.40m
$FETH (Fidelity): –$14.70m
$ETHW (Bitwise): $0.00m
$TETH (21Shares): $0.00m
$QETH (Invesco): $0.00m
$EZET (Franklin): $0.00m
$ETHV (VanEck): $0.00m
$ETHB (BlackRock Staked): –$0.01m
$ETHE (Grayscale): –$3.96m
$ETH (Grayscale mini): –$10.08m",webhook,ETH,ETHUSDT,ETHUSDT,staking_governance,observe,3,binance,spot,ETHUSDT,published_after_event,2026-05-19T02:12:50Z,2026-05-19 10:12:50 UTC+8,2026-05-19T03:12:50Z,2026-05-19 11:12:50 UTC+8,2026-05-19T06:12:50Z,2026-05-19 14:12:50 UTC+8,2026-05-20T02:12:50Z,2026-05-20 10:12:50 UTC+8,2026-05-22T02:12:50Z,2026-05-22 10:12:50 UTC+8,2026-05-19T02:13:00Z,2026-05-19 10:13:00 UTC+8,2026-05-19T03:13:00Z,2026-05-19 11:13:00 UTC+8,2026-05-19T06:13:00Z,2026-05-19 14:13:00 UTC+8,2026-05-20T02:13:00Z,2026-05-20 10:13:00 UTC+8,2026-05-22T02:13:00Z,2026-05-22 10:13:00 UTC+8,2026-05-19T02:13:00Z,2026-05-19 10:13:00 UTC+8,2026-05-19T03:13:00Z,2026-05-19 11:13:00 UTC+8,2026-05-19T06:13:00Z,2026-05-19 14:13:00 UTC+8,2026-05-20T02:13:00Z,2026-05-20 10:13:00 UTC+8,2026-05-22T02:13:00Z,2026-05-22 10:13:00 UTC+8,2026-05-19T02:13:00Z,2026-05-19 10:13:00 UTC+8,2026-05-19T03:13:00Z,2026-05-19 11:13:00 UTC+8,2026-05-19T06:13:00Z,2026-05-19 14:13:00 UTC+8,2026-05-20T02:13:00Z,2026-05-20 10:13:00 UTC+8,2026-05-22T02:13:00Z,2026-05-22 10:13:00 UTC+8,2124.71,2127.9,2136.48,2112.3,2138.18,76686.14,76772.15,77000.0,76765.08,77669.97,2124.71,2127.9,2136.48,2112.3,2138.18,0.0015013813649862318,0.005539579519087345,-0.005840797097015571,0.0063396887104592015,0.0011215846827079545,0.004092786519180658,0.001029390708673139,0.01282930657352166,0.0015013813649862318,0.005539579519087345,-0.005840797097015571,0.0063396887104592015,0.00037979668227827723,0.0014467929999066875,-0.00687018780568871,-0.006489617863062458,0.0,0.0,0.0,0.0,ok,
cand_00064,2026-05-19 09:00:20 UTC+8,2026-05-19T01:00:20Z,2026-05-19 09:00:20 UTC+8,"🔥 BULLISH: Bitwise announces it will hold $HYPE on its balance sheet, allocating 10% of its Hyperliquid ETF (BHYP) manag","🔥 BULLISH: Bitwise announces it will hold $HYPE on its balance sheet, allocating 10% of its Hyperliquid ETF (BHYP) management fee directly toward the token. https://t.co/f1Canng0BA",webhook,HYPE,,HYPEUSDT,institutional_flow,observe,4,binance,futures,HYPEUSDT,published_after_event,2026-05-19T01:00:20Z,2026-05-19 09:00:20 UTC+8,2026-05-19T02:00:20Z,2026-05-19 10:00:20 UTC+8,2026-05-19T05:00:20Z,2026-05-19 13:00:20 UTC+8,2026-05-20T01:00:20Z,2026-05-20 09:00:20 UTC+8,2026-05-22T01:00:20Z,2026-05-22 09:00:20 UTC+8,2026-05-19T01:01:00Z,2026-05-19 09:01:00 UTC+8,2026-05-19T02:01:00Z,2026-05-19 10:01:00 UTC+8,2026-05-19T05:01:00Z,2026-05-19 13:01:00 UTC+8,2026-05-20T01:01:00Z,2026-05-20 09:01:00 UTC+8,2026-05-22T01:01:00Z,2026-05-22 09:01:00 UTC+8,2026-05-19T01:01:00Z,2026-05-19 09:01:00 UTC+8,2026-05-19T02:01:00Z,2026-05-19 10:01:00 UTC+8,2026-05-19T05:01:00Z,2026-05-19 13:01:00 UTC+8,2026-05-20T01:01:00Z,2026-05-20 09:01:00 UTC+8,2026-05-22T01:01:00Z,2026-05-22 09:01:00 UTC+8,2026-05-19T01:01:00Z,2026-05-19 09:01:00 UTC+8,2026-05-19T02:01:00Z,2026-05-19 10:01:00 UTC+8,2026-05-19T05:01:00Z,2026-05-19 13:01:00 UTC+8,2026-05-20T01:01:00Z,2026-05-20 09:01:00 UTC+8,2026-05-22T01:01:00Z,2026-05-22 09:01:00 UTC+8,47.984,47.175,47.556,47.425,57.619,77083.58,76685.26,76914.03,76768.93,77373.92,2133.61,2125.32,2133.96,2109.69,2129.0,-0.01685978659553189,-0.008919639879960028,-0.011649716572190827,0.2007960986995665,-0.005167378058984928,-0.002199560528973965,-0.004081932883760797,0.003766560919977957,-0.003885433607829003,0.00016404122590341075,-0.011211046067463148,-0.0021606572897577836,-0.011692408536546961,-0.0067200793509860635,-0.00756778368843003,0.19702953777958854,-0.012974352987702886,-0.00908368110586344,-0.00043867050472767843,0.20295675598932428,ok,
cand_00160,2026-05-19 06:42:26 UTC+8,2026-05-18T22:42:26Z,2026-05-19 06:42:26 UTC+8,以太坊质押比例上升至31%，长期持有者信心依旧,币界网消息，据The Block报道，尽管以太坊年内价格已下跌约26%，但其质押比例由年初的约29%升至总供应量的约31%。持续增长的质押规模显示，长期持有者在价格承压及链上风险仍存的情况下，依然对以太坊保持信心，并逐步减少市场流通供应。随着现货以太坊ETF发展及以太坊上代币化活动扩张，机构对质押以太坊的需求可能为质押生态带来新的结构性资金流入，但是否会进一步传导至以太坊价格，仍取决于机构资金的实际配置进展。,webhook,ETH,ETHUSDT,ETHUSDT,staking_governance,observe,3,binance,spot,ETHUSDT,published_after_event,2026-05-18T22:42:26Z,2026-05-19 06:42:26 UTC+8,2026-05-18T23:42:26Z,2026-05-19 07:42:26 UTC+8,2026-05-19T02:42:26Z,2026-05-19 10:42:26 UTC+8,2026-05-19T22:42:26Z,2026-05-20 06:42:26 UTC+8,2026-05-21T22:42:26Z,2026-05-22 06:42:26 UTC+8,2026-05-18T22:43:00Z,2026-05-19 06:43:00 UTC+8,2026-05-18T23:43:00Z,2026-05-19 07:43:00 UTC+8,2026-05-19T02:43:00Z,2026-05-19 10:43:00 UTC+8,2026-05-19T22:43:00Z,2026-05-20 06:43:00 UTC+8,2026-05-21T22:43:00Z,2026-05-22 06:43:00 UTC+8,2026-05-18T22:43:00Z,2026-05-19 06:43:00 UTC+8,2026-05-18T23:43:00Z,2026-05-19 07:43:00 UTC+8,2026-05-19T02:43:00Z,2026-05-19 10:43:00 UTC+8,2026-05-19T22:43:00Z,2026-05-20 06:43:00 UTC+8,2026-05-21T22:43:00Z,2026-05-22 06:43:00 UTC+8,2026-05-18T22:43:00Z,2026-05-19 06:43:00 UTC+8,2026-05-18T23:43:00Z,2026-05-19 07:43:00 UTC+8,2026-05-19T02:43:00Z,2026-05-19 10:43:00 UTC+8,2026-05-19T22:43:00Z,2026-05-20 06:43:00 UTC+8,2026-05-21T22:43:00Z,2026-05-22 06:43:00 UTC+8,2134.34,2133.52,2125.76,2107.48,2133.19,77033.4,77090.78,76740.67,76758.95,77640.68,2134.34,2133.52,2125.76,2107.48,2133.19,-0.0003841937085938829,-0.004019978072846819,-0.012584686601010198,-0.0005388082498571922,0.0007448717050007048,-0.0038000399826567666,-0.0035627403178360995,0.007883333722774832,-0.0003841937085938829,-0.004019978072846819,-0.012584686601010198,-0.0005388082498571922,-0.0011290654135945877,-0.00021993809019005273,-0.009021946283174098,-0.008422141972632025,0.0,0.0,0.0,0.0,ok,
cand_00365,2026-05-19 02:45:00 UTC+8,2026-05-18T18:45:00Z,2026-05-19 02:45:00 UTC+8,Bitwise将用10%管理费购买$HYPE,币界网消息，Bitwise宣布将使用其BHYP Hyperliquid ETF管理费的10%来购买并持有$HYPE代币。此外，99%的区块链收入将用于回购和销毁HYPE代币。,webhook,HYPE,,HYPEUSDT,institutional_flow,observe,4,binance,futures,HYPEUSDT,published_after_event,2026-05-18T18:45:00Z,2026-05-19 02:45:00 UTC+8,2026-05-18T19:45:00Z,2026-05-19 03:45:00 UTC+8,2026-05-18T22:45:00Z,2026-05-19 06:45:00 UTC+8,2026-05-19T18:45:00Z,2026-05-20 02:45:00 UTC+8,2026-05-21T18:45:00Z,2026-05-22 02:45:00 UTC+8,2026-05-18T18:45:00Z,2026-05-19 02:45:00 UTC+8,2026-05-18T19:45:00Z,2026-05-19 03:45:00 UTC+8,2026-05-18T22:45:00Z,2026-05-19 06:45:00 UTC+8,2026-05-19T18:45:00Z,2026-05-20 02:45:00 UTC+8,2026-05-21T18:45:00Z,2026-05-22 02:45:00 UTC+8,2026-05-18T18:45:00Z,2026-05-19 02:45:00 UTC+8,2026-05-18T19:45:00Z,2026-05-19 03:45:00 UTC+8,2026-05-18T22:45:00Z,2026-05-19 06:45:00 UTC+8,2026-05-19T18:45:00Z,2026-05-20 02:45:00 UTC+8,2026-05-21T18:45:00Z,2026-05-22 02:45:00 UTC+8,2026-05-18T18:45:00Z,2026-05-19 02:45:00 UTC+8,2026-05-18T19:45:00Z,2026-05-19 03:45:00 UTC+8,2026-05-18T22:45:00Z,2026-05-19 06:45:00 UTC+8,2026-05-19T18:45:00Z,2026-05-20 02:45:00 UTC+8,2026-05-21T18:45:00Z,2026-05-22 02:45:00 UTC+8,45.13,45.596,47.083,48.245,58.733,76321.17,76935.59,77039.03,76850.2,77704.01,2086.89,2119.0,2134.15,2115.7,2138.27,0.010325725681364917,0.04327498338134261,0.06902282295590512,0.3014181254154662,0.008050453104951005,0.00940577823951072,0.006931628537665269,0.01811869498331853,0.015386532112377838,0.02264613851233177,0.013805231708427401,0.024620368107566737,0.0022752725764139115,0.03386920514183189,0.06209119441823985,0.28329943043214767,-0.005060806431012921,0.020628844869010843,0.055217591247477715,0.27679775730789946,ok,
cand_00478,2026-05-19 00:55:05 UTC+8,2026-05-18T16:55:05Z,2026-05-19 00:55:05 UTC+8,"Stablecoins aren't just a US story.

@John1wu spoke to @LowBeta on what @avax is quietly building across Asia and LatAm:","Stablecoins aren't just a US story.

@John1wu spoke to @LowBeta on what @avax is quietly building across Asia and LatAm:

↳ @StraitsX + Monetary Authority of Singapore.
↳ @Alipay and GrabPay rails.
↳ Nonco doing on-chain FX in LatAm.
↳ @rain as the on/off ramp.

The non-US stablecoin universe is here.",webhook,AVAX,AVAXUSDT,AVAXUSDT,other,observe,3,binance,spot,AVAXUSDT,published_after_event,2026-05-18T16:55:05Z,2026-05-19 00:55:05 UTC+8,2026-05-18T17:55:05Z,2026-05-19 01:55:05 UTC+8,2026-05-18T20:55:05Z,2026-05-19 04:55:05 UTC+8,2026-05-19T16:55:05Z,2026-05-20 00:55:05 UTC+8,2026-05-21T16:55:05Z,2026-05-22 00:55:05 UTC+8,2026-05-18T16:56:00Z,2026-05-19 00:56:00 UTC+8,2026-05-18T17:56:00Z,2026-05-19 01:56:00 UTC+8,2026-05-18T20:56:00Z,2026-05-19 04:56:00 UTC+8,2026-05-19T16:56:00Z,2026-05-20 00:56:00 UTC+8,2026-05-21T16:56:00Z,2026-05-22 00:56:00 UTC+8,2026-05-18T16:56:00Z,2026-05-19 00:56:00 UTC+8,2026-05-18T17:56:00Z,2026-05-19 01:56:00 UTC+8,2026-05-18T20:56:00Z,2026-05-19 04:56:00 UTC+8,2026-05-19T16:56:00Z,2026-05-20 00:56:00 UTC+8,2026-05-21T16:56:00Z,2026-05-22 00:56:00 UTC+8,2026-05-18T16:56:00Z,2026-05-19 00:56:00 UTC+8,2026-05-18T17:56:00Z,2026-05-19 01:56:00 UTC+8,2026-05-18T20:56:00Z,2026-05-19 04:56:00 UTC+8,2026-05-19T16:56:00Z,2026-05-20 00:56:00 UTC+8,2026-05-21T16:56:00Z,2026-05-22 00:56:00 UTC+8,9.1,9.13,9.18,9.16,9.328,76461.29,76729.61,77044.43,76887.75,77164.69,2100.34,2108.2,2119.72,2120.91,2127.72,0.003296703296703507,0.00879120879120876,0.00659340659340657,0.0250549450549451,0.003509226694972112,0.0076266042594885786,0.0055774627919567,0.009199426271777611,0.003742251254558626,0.009227077520782112,0.009793652456268953,0.013035984650104027,-0.00021252339826860478,0.0011646045317201814,0.00101594380144987,0.015855518783167488,-0.00044554795785511914,-0.0004358687295733521,-0.003200245862862383,0.012018960404841073,ok,
cand_00482,2026-05-19 00:53:58 UTC+8,2026-05-18T16:53:58Z,2026-05-19 00:53:58 UTC+8,Bitwise to add HYPE to balance sheet using fees from Hyperliquid ETF,Bitwise to add HYPE to balance sheet using fees from Hyperliquid ETF,webhook,HYPE,,HYPEUSDT,institutional_flow,observe,4,binance,futures,HYPEUSDT,published_after_event,2026-05-18T16:53:58Z,2026-05-19 00:53:58 UTC+8,2026-05-18T17:53:58Z,2026-05-19 01:53:58 UTC+8,2026-05-18T20:53:58Z,2026-05-19 04:53:58 UTC+8,2026-05-19T16:53:58Z,2026-05-20 00:53:58 UTC+8,2026-05-21T16:53:58Z,2026-05-22 00:53:58 UTC+8,2026-05-18T16:54:00Z,2026-05-19 00:54:00 UTC+8,2026-05-18T17:54:00Z,2026-05-19 01:54:00 UTC+8,2026-05-18T20:54:00Z,2026-05-19 04:54:00 UTC+8,2026-05-19T16:54:00Z,2026-05-20 00:54:00 UTC+8,2026-05-21T16:54:00Z,2026-05-22 00:54:00 UTC+8,2026-05-18T16:54:00Z,2026-05-19 00:54:00 UTC+8,2026-05-18T17:54:00Z,2026-05-19 01:54:00 UTC+8,2026-05-18T20:54:00Z,2026-05-19 04:54:00 UTC+8,2026-05-19T16:54:00Z,2026-05-20 00:54:00 UTC+8,2026-05-21T16:54:00Z,2026-05-22 00:54:00 UTC+8,2026-05-18T16:54:00Z,2026-05-19 00:54:00 UTC+8,2026-05-18T17:54:00Z,2026-05-19 01:54:00 UTC+8,2026-05-18T20:54:00Z,2026-05-19 04:54:00 UTC+8,2026-05-19T16:54:00Z,2026-05-20 00:54:00 UTC+8,2026-05-21T16:54:00Z,2026-05-22 00:54:00 UTC+8,44.988,45.395,45.872,48.053,58.753,76416.0,76715.26,76982.01,76870.64,77117.78,2099.73,2107.37,2118.53,2120.58,2127.48,0.009046856939628478,0.01964968436027381,0.06812927891882281,0.3059704810171602,0.003916195561138869,0.007406956658291497,0.00594953936348408,0.009183678810720242,0.0036385630533448676,0.008953532120796526,0.009929848123330087,0.01321598491234588,0.005130661378489609,0.012242727701982314,0.06217973955533873,0.29678680220643994,0.0054082938862836105,0.010696152239477286,0.058199430795492724,0.2927544961048143,ok,
cand_00449,2026-05-19 01:19:22 UTC+8,2026-05-18T17:19:22Z,2026-05-19 01:19:22 UTC+8,Ethereum Foundation 研究员 Carl Beek 与 Julian Ma 于周一宣布离职。其中，Carl Beek 在以太坊工作约 7 年，曾参与 Beacon Chain 及以太坊 PoS 升级；Julian Ma 在以,Ethereum Foundation 研究员 Carl Beek 与 Julian Ma 于周一宣布离职。其中，Carl Beek 在以太坊工作约 7 年，曾参与 Beacon Chain 及以太坊 PoS 升级；Julian Ma 在以太坊工作约 4 年，曾参与 FOCIL（EIP-7805）提案撰写及 Fast Confirmation Rule 推进工作。此前，Ethereum Foundation 前联合执行董事 Tomasz K. Stańczak、前成员 Josh Stark，以及 Protocol 团队成员 Barnabé Monnot、Tim Beiko、Alex Stokes 等人也已相继离职或暂时休假。（The Block）https://t.co/9gtDyj94Sj,webhook,ETH,ETHUSDT,ETHUSDT,network_upgrade,observe,3,binance,spot,ETHUSDT,published_after_event,2026-05-18T17:19:22Z,2026-05-19 01:19:22 UTC+8,2026-05-18T18:19:22Z,2026-05-19 02:19:22 UTC+8,2026-05-18T21:19:22Z,2026-05-19 05:19:22 UTC+8,2026-05-19T17:19:22Z,2026-05-20 01:19:22 UTC+8,2026-05-21T17:19:22Z,2026-05-22 01:19:22 UTC+8,2026-05-18T17:20:00Z,2026-05-19 01:20:00 UTC+8,2026-05-18T18:20:00Z,2026-05-19 02:20:00 UTC+8,2026-05-18T21:20:00Z,2026-05-19 05:20:00 UTC+8,2026-05-19T17:20:00Z,2026-05-20 01:20:00 UTC+8,2026-05-21T17:20:00Z,2026-05-22 01:20:00 UTC+8,2026-05-18T17:20:00Z,2026-05-19 01:20:00 UTC+8,2026-05-18T18:20:00Z,2026-05-19 02:20:00 UTC+8,2026-05-18T21:20:00Z,2026-05-19 05:20:00 UTC+8,2026-05-19T17:20:00Z,2026-05-20 01:20:00 UTC+8,2026-05-21T17:20:00Z,2026-05-22 01:20:00 UTC+8,2026-05-18T17:20:00Z,2026-05-19 01:20:00 UTC+8,2026-05-18T18:20:00Z,2026-05-19 02:20:00 UTC+8,2026-05-18T21:20:00Z,2026-05-19 05:20:00 UTC+8,2026-05-19T17:20:00Z,2026-05-20 01:20:00 UTC+8,2026-05-21T17:20:00Z,2026-05-22 01:20:00 UTC+8,2105.22,2093.4,2125.06,2124.27,2144.24,76615.38,76282.0,76968.03,77001.98,77900.0,2105.22,2093.4,2125.06,2124.27,2144.24,-0.005614615099609366,0.009424193195960662,0.00904893550317798,0.01853487996503933,-0.004351345643655469,0.004602861723063789,0.0050459842397179155,0.01676712952412429,-0.005614615099609366,0.009424193195960662,0.00904893550317798,0.01853487996503933,-0.001263269455953897,0.004821331472896873,0.004002951263460064,0.001767750440915039,0.0,0.0,0.0,0.0,ok,
cand_00227,2026-05-19 05:20:51 UTC+8,2026-05-18T21:20:51Z,2026-05-19 05:20:51 UTC+8,Revolut推出首张实体加密卡，主打Dogecoin主题,金融科技公司 Revolut 宣布推出其首张实体加密借记卡，该卡以 Dogecoin 为主题，并配备可在用户轻触支付时亮起的 LED 显示屏。该卡可在支持 Visa 和 Mastercard 的商户使用，并将率先在英国及欧洲经济区推出。此次发布正值加密卡使用量持续增长之际。Crypto.com、Coinbase、Binance 等平台均在扩大加密卡服务，Gemini 也将信用卡业务视为重要收入增长来源。数据显示，近期加密卡日交易量已多次突破 10 万笔，行业支付场景正在进一步扩展。,news:odaily_exchange_gap,DOGE,DOGEUSDT,DOGEUSDT,other,observe,3,binance,spot,DOGEUSDT,published_after_event,2026-05-18T21:20:51Z,2026-05-19 05:20:51 UTC+8,2026-05-18T22:20:51Z,2026-05-19 06:20:51 UTC+8,2026-05-19T01:20:51Z,2026-05-19 09:20:51 UTC+8,2026-05-19T21:20:51Z,2026-05-20 05:20:51 UTC+8,2026-05-21T21:20:51Z,2026-05-22 05:20:51 UTC+8,2026-05-18T21:21:00Z,2026-05-19 05:21:00 UTC+8,2026-05-18T22:21:00Z,2026-05-19 06:21:00 UTC+8,2026-05-19T01:21:00Z,2026-05-19 09:21:00 UTC+8,2026-05-19T21:21:00Z,2026-05-20 05:21:00 UTC+8,2026-05-21T21:21:00Z,2026-05-22 05:21:00 UTC+8,2026-05-18T21:21:00Z,2026-05-19 05:21:00 UTC+8,2026-05-18T22:21:00Z,2026-05-19 06:21:00 UTC+8,2026-05-19T01:21:00Z,2026-05-19 09:21:00 UTC+8,2026-05-19T21:21:00Z,2026-05-20 05:21:00 UTC+8,2026-05-21T21:21:00Z,2026-05-22 05:21:00 UTC+8,2026-05-18T21:21:00Z,2026-05-19 05:21:00 UTC+8,2026-05-18T22:21:00Z,2026-05-19 06:21:00 UTC+8,2026-05-19T01:21:00Z,2026-05-19 09:21:00 UTC+8,2026-05-19T21:21:00Z,2026-05-20 05:21:00 UTC+8,2026-05-21T21:21:00Z,2026-05-22 05:21:00 UTC+8,0.10444,0.10539,0.10463,0.10368,0.1056,76982.97,77180.96,76919.8,77026.88,77769.55,2125.86,2140.22,2128.36,2118.48,2137.91,0.009096131750287118,0.001819226350057379,-0.0072769054002298494,0.011106855610877098,0.0025718675182317963,-0.0008205710951395551,0.0005703858918408855,0.010217584486542863,0.006754913305673682,0.001175994656280377,-0.0034715362253394666,0.005668294243270866,0.006524264232055321,0.002639797445196934,-0.007847291292070735,0.0008892711243342344,0.0023412184446134354,0.0006432316937770022,-0.003805369174890383,0.005438561367606232,ok,
cand_00456,2026-05-19 01:11:22 UTC+8,2026-05-18T17:11:22Z,2026-05-19 01:11:22 UTC+8,Ethereum's Vitalik Buterin Explains How AI Could Make Smart Contracts Truly Secure,"Writer by choice, CryptoCurrency Writer, and Researcher by chance. Currently, focusing on financial news and analysis, as well as cryptocurrency news and data. One may not call me a crypto “Enthusiast” but trust me I'm getting there.

Writer by choice, CryptoCurrency Writer, and Researcher by chance. Currently, focusing on financial news and analysis, as well as cryptocurrency news and data. One may not call me a crypto “Enthusiast” but trust me I'm getting there.

Writer by choice, CryptoCurrency Writer, and Researcher by chance. Currently, focusing on financial news and analysis, as well as cryptocurrency news and data. One may not call me a crypto “Enthusiast” but trust me I'm getting there.

Ethereum co-founder Vitalik Buterin has published a detailed argument that AI-assisted formal verification could fundamentally change how secure software is built, pushing back against growing pessimism in the cybersecurity community about whether trustless systems can survive increasingly powerful AI-driven attacks.

“Many people have claimed that with AI-assisted bug finding, secure code will be impossible,” Buterin wrote. “I have a much more optimistic take, and AI-assisted formal verification is a major part of the reason why.”

Formal verification is the practice of writing mathematical proofs about code that can be checked automatically by a computer. Rather than testing software and hoping bugs do not appear, developers write proofs that mathematically guarantee a piece of code behaves exactly as intended under all conditions.

Many people have claimed that with AI-assisted bug finding, secure code (and hence trustless anything) will be impossible. I have a much more optimistic take, and AI-assisted formal verification is a major part of the reason why: https://t.co/0ceMBZ6uqj

The technology has existed for decades but remained niche because writing these proofs by hand is extremely difficult and time-consuming. Buterin’s argument is that AI changes this equation dramatically. AI can write both the code and the proofs, while humans simply verify that the statements being proved match what they actually want the software to do.

He described this combination as what researcher Yoichi Hirai calls “the final form of software development.”

Buterin pointed to several areas where formal verification is already being applied within Ethereum’s development ecosystem. These include quantum-resistant signatures, STARK proof systems, consensus algorithms, and ZK-EVMs, all areas where the security properties are simple to define even though the underlying code is extraordinarily complex.

Projects like Arklib are working toward a fully formally verified STARK implementation. The evm-asm project is building an entire EVM written directly in RISC-V assembly, verified mathematically against a human-readable reference implementation. Byzantine fault-tolerant consensus protocols are also being formally specified and verified in Lean.

The main insight is that for these systems the gap between what the code does and what it is supposed to do can be closed with mathematical certainty rather than probabilistic testing.

Buterin was careful not to overstate the case. Formal verification has real failure modes. Proofs can be written about only part of a system while critical bugs hide in unverified sections. Developers can forget to specify properties that matter. The formal specification itself can be wrong. Hardware vulnerabilities like side-channel attacks can bypass even mathematically correct software.

“Provable correctness does not prove that software is correct in the way most human beings understand correctness,” he wrote. What formal verification actually does is allow developers to express their intentions in multiple different redundant ways and automatically check that all those expressions are compatible with each other.

Buterin described an optimistic future where software splits into two layers. An insecure edge layer handles lower-stakes functions, runs in sandboxes, and operates with minimal permissions. A secure core handles everything critical, including Ethereum itself, operating system kernels, and sensitive IoT infrastructure.

The secure core is kept deliberately small and subjected to aggressive formal verification. AI brings the computational power to make verification practical at scale. The result is not software with zero bugs but software where the most critical components can be trusted with mathematical confidence rather than hope.

“Defenders finally have a chance to win, decisively,” he concluded, citing Mozilla’s own experience hardening its codebase against AI-assisted attack tools.",news:coinpedia,ETH,ETHUSDT,ETHUSDT,macro,observe,4,binance,spot,ETHUSDT,published_after_event,2026-05-18T17:11:22Z,2026-05-19 01:11:22 UTC+8,2026-05-18T18:11:22Z,2026-05-19 02:11:22 UTC+8,2026-05-18T21:11:22Z,2026-05-19 05:11:22 UTC+8,2026-05-19T17:11:22Z,2026-05-20 01:11:22 UTC+8,2026-05-21T17:11:22Z,2026-05-22 01:11:22 UTC+8,2026-05-18T17:12:00Z,2026-05-19 01:12:00 UTC+8,2026-05-18T18:12:00Z,2026-05-19 02:12:00 UTC+8,2026-05-18T21:12:00Z,2026-05-19 05:12:00 UTC+8,2026-05-19T17:12:00Z,2026-05-20 01:12:00 UTC+8,2026-05-21T17:12:00Z,2026-05-22 01:12:00 UTC+8,2026-05-18T17:12:00Z,2026-05-19 01:12:00 UTC+8,2026-05-18T18:12:00Z,2026-05-19 02:12:00 UTC+8,2026-05-18T21:12:00Z,2026-05-19 05:12:00 UTC+8,2026-05-19T17:12:00Z,2026-05-20 01:12:00 UTC+8,2026-05-21T17:12:00Z,2026-05-22 01:12:00 UTC+8,2026-05-18T17:12:00Z,2026-05-19 01:12:00 UTC+8,2026-05-18T18:12:00Z,2026-05-19 02:12:00 UTC+8,2026-05-18T21:12:00Z,2026-05-19 05:12:00 UTC+8,2026-05-19T17:12:00Z,2026-05-20 01:12:00 UTC+8,2026-05-21T17:12:00Z,2026-05-22 01:12:00 UTC+8,2103.46,2102.06,2120.53,2120.9,2134.98,76565.67,76485.71,76909.65,76932.65,77456.11,2103.46,2102.06,2120.53,2120.9,2134.98,-0.0006655700607570703,0.008115200669373435,0.008291101328287809,0.014984834510758382,-0.001044332270585424,0.0044926139874437165,0.004793009713099927,0.011629755215359694,-0.0006655700607570703,0.008115200669373435,0.008291101328287809,0.014984834510758382,0.00037876220982835385,0.003622586681929718,0.0034980916151878816,0.0033550792953986885,0.0,0.0,0.0,0.0,ok,
cand_00134,2026-05-19 07:20:00 UTC+8,2026-05-18T23:20:00Z,2026-05-19 07:20:00 UTC+8,Revolut launches first physical crypto card,"Revolut launched its first physical crypto card on May 18, a Dogecoin-themed LED card for the UK and EEA.

Revolut announced on May 18 that it is launching its first physical crypto card, a Dogecoin-themed debit card with an LED display that illuminates at the point of payment. The card works anywhere Visa and Mastercard are accepted, with an initial rollout in the UK and EEA.

Our first physical crypto card: – Dogeeeeeeeee – Zero exchange fees – LED lights up when you tap to pay – Spend everywhere Visa and Mastercard are accepted Available in the UK and EEA (except Hungary, Switzerland and Portugal). Initial supplies may be limited. Crypto card…

The firm said there are no additional exchange fees on crypto payments, though transactions are subject to real-time exchange rates at the point of purchase and may create tax obligations depending on local rules. Revolut converts users’ crypto to fiat automatically at checkout, meaning merchants receive standard settlement currency without touching digital assets directly.

The physical card links to users’ crypto balances and handles the conversion in the background. That removes the primary friction point that has kept crypto spending separate from everyday consumer finance: the need to manually convert before each purchase. Spending limits include a £100,000 cap per transaction and a maximum of 100 exchanges within any 24-hour period.

As crypto.news reported just days earlier, Revolut also secured FCA permissions for leveraged investment products, discretionary portfolio management, and advisory services.

The crypto card launch sits within a broader regulatory and product expansion that also includes its full UK banking licence received in March 2026 and a US banking charter application filed the same month. Revolut serves over 70 million users globally.

Revolut’s distribution scale is the headline fact here. As crypto.news documented in its crypto cards guide, consumer appetite for crypto-linked debit products has grown steadily in 2026 alongside regulatory clarity. Adding a physical card to a 70-million-user platform creates a potential mass adoption vehicle that most crypto-native card products have lacked.

The company’s earlier US banking licence application signals the card will eventually expand beyond the UK and EEA, potentially bringing crypto spending to one of the world’s largest consumer markets.

Tax treatment remains the main practical barrier: crypto payments are taxable sale events in most jurisdictions, meaning frequent spenders need clear record-keeping infrastructure to manage cost basis and gains.",news:cryptonews,DOGE,DOGEUSDT,DOGEUSDT,macro,observe,4,binance,spot,DOGEUSDT,published_after_event,2026-05-18T23:20:00Z,2026-05-19 07:20:00 UTC+8,2026-05-19T00:20:00Z,2026-05-19 08:20:00 UTC+8,2026-05-19T03:20:00Z,2026-05-19 11:20:00 UTC+8,2026-05-19T23:20:00Z,2026-05-20 07:20:00 UTC+8,2026-05-21T23:20:00Z,2026-05-22 07:20:00 UTC+8,2026-05-18T23:20:00Z,2026-05-19 07:20:00 UTC+8,2026-05-19T00:20:00Z,2026-05-19 08:20:00 UTC+8,2026-05-19T03:20:00Z,2026-05-19 11:20:00 UTC+8,2026-05-19T23:20:00Z,2026-05-20 07:20:00 UTC+8,2026-05-21T23:20:00Z,2026-05-22 07:20:00 UTC+8,2026-05-18T23:20:00Z,2026-05-19 07:20:00 UTC+8,2026-05-19T00:20:00Z,2026-05-19 08:20:00 UTC+8,2026-05-19T03:20:00Z,2026-05-19 11:20:00 UTC+8,2026-05-19T23:20:00Z,2026-05-20 07:20:00 UTC+8,2026-05-21T23:20:00Z,2026-05-22 07:20:00 UTC+8,2026-05-18T23:20:00Z,2026-05-19 07:20:00 UTC+8,2026-05-19T00:20:00Z,2026-05-19 08:20:00 UTC+8,2026-05-19T03:20:00Z,2026-05-19 11:20:00 UTC+8,2026-05-19T23:20:00Z,2026-05-20 07:20:00 UTC+8,2026-05-21T23:20:00Z,2026-05-22 07:20:00 UTC+8,0.10476,0.10525,0.10442,0.10309,0.10535,77027.0,77292.22,76784.99,76853.04,77623.08,2132.96,2138.81,2130.1,2113.0,2131.52,0.004677357770141111,-0.003245513554791968,-0.015941198930889744,0.005631920580374095,0.003443208225687222,-0.0031418853129421276,-0.002258428862606743,0.007738585171433332,0.0027426674668067363,-0.0013408596504388415,-0.009357887630335293,-0.0006751181456755573,0.0012341495444538886,-0.00010362824184984021,-0.013682770068283001,-0.0021066645910592374,0.0019346903033343743,-0.0019046539043531263,-0.006583311300554451,0.006307038726049652,ok,
cand_00423,2026-05-19 01:39:01 UTC+8,2026-05-18T17:39:01Z,2026-05-19 01:39:01 UTC+8,"🚨MORE ETHEREUM FOUNDATION RESEARCHERS RESIGN

Ethereum Foundation researchers Carl Beek and Julian Ma have resigned, add","🚨MORE ETHEREUM FOUNDATION RESEARCHERS RESIGN

Ethereum Foundation researchers Carl Beek and Julian Ma have resigned, adding to a wider wave of exits.

Recent departures also include Protocol team figures Barnabé Monnot and Tim Beiko, Protocol Guild organizer Trent Van Epps, and former Protocol co-lead Alex Stokes, who announced a sabbatical earlier this month.

Why?",webhook,ETH,ETHUSDT,ETHUSDT,other,observe,3,binance,spot,ETHUSDT,published_after_event,2026-05-18T17:39:01Z,2026-05-19 01:39:01 UTC+8,2026-05-18T18:39:01Z,2026-05-19 02:39:01 UTC+8,2026-05-18T21:39:01Z,2026-05-19 05:39:01 UTC+8,2026-05-19T17:39:01Z,2026-05-20 01:39:01 UTC+8,2026-05-21T17:39:01Z,2026-05-22 01:39:01 UTC+8,2026-05-18T17:40:00Z,2026-05-19 01:40:00 UTC+8,2026-05-18T18:40:00Z,2026-05-19 02:40:00 UTC+8,2026-05-18T21:40:00Z,2026-05-19 05:40:00 UTC+8,2026-05-19T17:40:00Z,2026-05-20 01:40:00 UTC+8,2026-05-21T17:40:00Z,2026-05-22 01:40:00 UTC+8,2026-05-18T17:40:00Z,2026-05-19 01:40:00 UTC+8,2026-05-18T18:40:00Z,2026-05-19 02:40:00 UTC+8,2026-05-18T21:40:00Z,2026-05-19 05:40:00 UTC+8,2026-05-19T17:40:00Z,2026-05-20 01:40:00 UTC+8,2026-05-21T17:40:00Z,2026-05-22 01:40:00 UTC+8,2026-05-18T17:40:00Z,2026-05-19 01:40:00 UTC+8,2026-05-18T18:40:00Z,2026-05-19 02:40:00 UTC+8,2026-05-18T21:40:00Z,2026-05-19 05:40:00 UTC+8,2026-05-19T17:40:00Z,2026-05-20 01:40:00 UTC+8,2026-05-21T17:40:00Z,2026-05-22 01:40:00 UTC+8,2106.08,2088.94,2136.25,2119.04,2146.99,76629.03,76330.0,77018.0,76963.12,77948.76,2106.08,2088.94,2136.25,2119.04,2146.99,-0.00813834232317856,0.014325191825571792,0.0061536123983894075,0.019424713211273925,-0.003902306997752625,0.005076013620425535,0.004359835952510327,0.017222324228820307,-0.00813834232317856,0.014325191825571792,0.0061536123983894075,0.019424713211273925,-0.004236035325425935,0.009249178205146258,0.0017937764458790806,0.002202388982453618,0.0,0.0,0.0,0.0,ok,
cand_00457,2026-05-19 01:10:18 UTC+8,2026-05-18T17:10:18Z,2026-05-19 01:10:18 UTC+8,"🔥 UPDATE: Solana’s RWA market just crossed $2.8B, a new all-time high. https://t.co/cUH5EbjwVi","🔥 UPDATE: Solana’s RWA market just crossed $2.8B, a new all-time high. https://t.co/cUH5EbjwVi",webhook,SOL,SOLUSDT,SOLUSDT,other,observe,3,binance,spot,SOLUSDT,published_after_event,2026-05-18T17:10:18Z,2026-05-19 01:10:18 UTC+8,2026-05-18T18:10:18Z,2026-05-19 02:10:18 UTC+8,2026-05-18T21:10:18Z,2026-05-19 05:10:18 UTC+8,2026-05-19T17:10:18Z,2026-05-20 01:10:18 UTC+8,2026-05-21T17:10:18Z,2026-05-22 01:10:18 UTC+8,2026-05-18T17:11:00Z,2026-05-19 01:11:00 UTC+8,2026-05-18T18:11:00Z,2026-05-19 02:11:00 UTC+8,2026-05-18T21:11:00Z,2026-05-19 05:11:00 UTC+8,2026-05-19T17:11:00Z,2026-05-20 01:11:00 UTC+8,2026-05-21T17:11:00Z,2026-05-22 01:11:00 UTC+8,2026-05-18T17:11:00Z,2026-05-19 01:11:00 UTC+8,2026-05-18T18:11:00Z,2026-05-19 02:11:00 UTC+8,2026-05-18T21:11:00Z,2026-05-19 05:11:00 UTC+8,2026-05-19T17:11:00Z,2026-05-20 01:11:00 UTC+8,2026-05-21T17:11:00Z,2026-05-22 01:11:00 UTC+8,2026-05-18T17:11:00Z,2026-05-19 01:11:00 UTC+8,2026-05-18T18:11:00Z,2026-05-19 02:11:00 UTC+8,2026-05-18T21:11:00Z,2026-05-19 05:11:00 UTC+8,2026-05-19T17:11:00Z,2026-05-20 01:11:00 UTC+8,2026-05-21T17:11:00Z,2026-05-22 01:11:00 UTC+8,84.49,84.08,84.91,84.73,86.72,76600.8,76510.02,76879.99,76900.33,77498.01,2105.38,2103.14,2119.82,2119.68,2135.88,-0.004852645283465407,0.004971002485501197,0.0028405728488578585,0.026393656053971037,-0.0011851051163956905,0.0036447400027153076,0.003910272477571919,0.011712801955070962,-0.0010639409512772646,0.006858619346626238,0.006792123037171249,0.014486695988372711,-0.003667540167069716,0.0013262624827858893,-0.0010696996287140603,0.014680854098900076,-0.003788704332188142,-0.001887616861125041,-0.003951550188313391,0.011906960065598327,ok,
cand_00392,2026-05-19 02:10:16 UTC+8,2026-05-18T18:10:16Z,2026-05-19 02:10:16 UTC+8,"🔥 BULLISH: Tokenized stocks on Ondo Finance crossed $1.5B in TVL, with Ondo’s top five assets making up 25% of the secto","🔥 BULLISH: Tokenized stocks on Ondo Finance crossed $1.5B in TVL, with Ondo’s top five assets making up 25% of the sector. https://t.co/mB1XFBX0VF",webhook,ONDO,ONDOUSDT,ONDOUSDT,other,observe,3,binance,spot,ONDOUSDT,published_after_event,2026-05-18T18:10:16Z,2026-05-19 02:10:16 UTC+8,2026-05-18T19:10:16Z,2026-05-19 03:10:16 UTC+8,2026-05-18T22:10:16Z,2026-05-19 06:10:16 UTC+8,2026-05-19T18:10:16Z,2026-05-20 02:10:16 UTC+8,2026-05-21T18:10:16Z,2026-05-22 02:10:16 UTC+8,2026-05-18T18:11:00Z,2026-05-19 02:11:00 UTC+8,2026-05-18T19:11:00Z,2026-05-19 03:11:00 UTC+8,2026-05-18T22:11:00Z,2026-05-19 06:11:00 UTC+8,2026-05-19T18:11:00Z,2026-05-20 02:11:00 UTC+8,2026-05-21T18:11:00Z,2026-05-22 02:11:00 UTC+8,2026-05-18T18:11:00Z,2026-05-19 02:11:00 UTC+8,2026-05-18T19:11:00Z,2026-05-19 03:11:00 UTC+8,2026-05-18T22:11:00Z,2026-05-19 06:11:00 UTC+8,2026-05-19T18:11:00Z,2026-05-20 02:11:00 UTC+8,2026-05-21T18:11:00Z,2026-05-22 02:11:00 UTC+8,2026-05-18T18:11:00Z,2026-05-19 02:11:00 UTC+8,2026-05-18T19:11:00Z,2026-05-19 03:11:00 UTC+8,2026-05-18T22:11:00Z,2026-05-19 06:11:00 UTC+8,2026-05-19T18:11:00Z,2026-05-20 02:11:00 UTC+8,2026-05-21T18:11:00Z,2026-05-22 02:11:00 UTC+8,0.3435,0.3457,0.3783,0.3724,0.422,76510.02,76679.31,77137.21,76915.97,77710.24,2103.14,2106.99,2137.23,2118.01,2140.68,0.006404657933042124,0.10131004366812224,0.08413391557496364,0.22852983988355158,0.0022126513625273514,0.008197488381260332,0.005305840986579158,0.015687095624860703,0.0018305961562234963,0.016209096874197693,0.00707038047871289,0.017849501221982367,0.0041920065705147724,0.09311255528686191,0.07882807458838448,0.21284274425869087,0.004574061776818628,0.08510094679392455,0.07706353509625075,0.2106803386615692,ok,
cand_00402,2026-05-19 02:00:00 UTC+8,2026-05-18T18:00:00Z,2026-05-19 02:00:00 UTC+8,NYDIG warns US crypto market-structure bill could 'fail' if August window is missed,"NYDIG says a rare bipartisan window to pass a comprehensive US crypto market‑structure bill could slam shut if Congress fails to move it before the August recess.

Digital asset investment firm NYDIG has warned that the leading US crypto market-structure bill may effectively “fail” if it does not make substantial progress in Congress before lawmakers leave Washington for the August recess, according to FinanceFeeds. The firm argues that the fragile bipartisan consensus around a broad crypto regulatory framework amounts to a “brief window” that could slam shut once Congress returns to a calendar dominated by midterm elections, budget fights and partisan priorities.

NYDIG’s assessment is blunt: if the bill does not advance “in the coming months,” the probability of passage “may significantly decrease” as legislative attention fragments and the political cost of tackling crypto grows. In that scenario, the US risks replaying the past several years of gridlock, with high-profile enforcement actions filling the vacuum left by the absence of a clear statutory market-structure regime.

At stake is one of the most ambitious attempts yet to build a comprehensive federal framework for digital assets in the US. The draft bill is designed to clarify how tokens are classified, draw a bright line between securities overseen by the SEC and commodities under the CFTC, and create unified operational standards for exchanges, brokers and other crypto businesses.

According to the FinanceFeeds report, the proposed market-structure legislation would, for the first time, codify which digital assets fall under securities law and which are treated as commodities, addressing a long-running turf war between the SEC and CFTC. It would also establish common rules for trading venues and service providers, aiming to replace today’s patchwork of guidance, enforcement actions and state-by-state licensing with a single, more predictable regime.

But NYDIG notes that key issues remain unresolved, including stablecoin oversight, how to regulate DeFi protocols , the contours of consumer protection and how to handle conflicts of political interest. Those disagreements have slowed negotiations and raised doubts about whether lawmakers can lock in compromises before the August deadline.

The firm’s warning comes as global competition intensifies. NYDIG points out that extended US uncertainty is already driving capital, talent and innovation toward jurisdictions with clearer rules, citing the UAE , Singapore and the EU’s MiCA framework as examples of regions that are actively benefiting from America’s drift.

If Congress misses this legislative window, industry participants fear the US could again default to rulemaking by enforcement, with no durable settlement on market structure for years. That would leave exchanges, issuers and developers operating under legal ambiguity just as other financial centers lock in their own digital-asset regimes and pitch themselves as safer homes for long-term investment.",news:cryptonews,BTC,BTCUSDT,BTCUSDT,macro,observe,4,binance,spot,BTCUSDT,published_after_event,2026-05-18T18:00:00Z,2026-05-19 02:00:00 UTC+8,2026-05-18T19:00:00Z,2026-05-19 03:00:00 UTC+8,2026-05-18T22:00:00Z,2026-05-19 06:00:00 UTC+8,2026-05-19T18:00:00Z,2026-05-20 02:00:00 UTC+8,2026-05-21T18:00:00Z,2026-05-22 02:00:00 UTC+8,2026-05-18T18:00:00Z,2026-05-19 02:00:00 UTC+8,2026-05-18T19:00:00Z,2026-05-19 03:00:00 UTC+8,2026-05-18T22:00:00Z,2026-05-19 06:00:00 UTC+8,2026-05-19T18:00:00Z,2026-05-20 02:00:00 UTC+8,2026-05-21T18:00:00Z,2026-05-22 02:00:00 UTC+8,2026-05-18T18:00:00Z,2026-05-19 02:00:00 UTC+8,2026-05-18T19:00:00Z,2026-05-19 03:00:00 UTC+8,2026-05-18T22:00:00Z,2026-05-19 06:00:00 UTC+8,2026-05-19T18:00:00Z,2026-05-20 02:00:00 UTC+8,2026-05-21T18:00:00Z,2026-05-22 02:00:00 UTC+8,2026-05-18T18:00:00Z,2026-05-19 02:00:00 UTC+8,2026-05-18T19:00:00Z,2026-05-19 03:00:00 UTC+8,2026-05-18T22:00:00Z,2026-05-19 06:00:00 UTC+8,2026-05-19T18:00:00Z,2026-05-20 02:00:00 UTC+8,2026-05-21T18:00:00Z,2026-05-22 02:00:00 UTC+8,76690.84,76293.04,77095.0,76841.19,77897.36,76690.84,76293.04,77095.0,76841.19,77897.36,2108.44,2082.95,2137.39,2115.16,2148.0,-0.005187060149556388,0.005269990522988266,0.0019604688121814817,0.015732256942289302,-0.005187060149556388,0.005269990522988266,0.0019604688121814817,0.015732256942289302,-0.012089506934036653,0.013730530629280313,0.003187190529490902,0.01876268710515827,0.0,0.0,0.0,0.0,0.006902446784480265,-0.008460540106292047,-0.0012267217173094203,-0.003030430162868969,ok,
cand_00414,2026-05-19 01:50:17 UTC+8,2026-05-18T17:50:17Z,2026-05-19 01:50:17 UTC+8,代币化国债总额创历史新高达137亿美元,币界网消息，据Cointelegraph报道，代币化国债的总额达到了新的历史高点，达到137亿美元，主要由Circle、Securitize和Franklin Templeton领导。,webhook,BTC,BTCUSDT,BTCUSDT,macro,observe,4,binance,spot,BTCUSDT,published_after_event,2026-05-18T17:50:17Z,2026-05-19 01:50:17 UTC+8,2026-05-18T18:50:17Z,2026-05-19 02:50:17 UTC+8,2026-05-18T21:50:17Z,2026-05-19 05:50:17 UTC+8,2026-05-19T17:50:17Z,2026-05-20 01:50:17 UTC+8,2026-05-21T17:50:17Z,2026-05-22 01:50:17 UTC+8,2026-05-18T17:51:00Z,2026-05-19 01:51:00 UTC+8,2026-05-18T18:51:00Z,2026-05-19 02:51:00 UTC+8,2026-05-18T21:51:00Z,2026-05-19 05:51:00 UTC+8,2026-05-19T17:51:00Z,2026-05-20 01:51:00 UTC+8,2026-05-21T17:51:00Z,2026-05-22 01:51:00 UTC+8,2026-05-18T17:51:00Z,2026-05-19 01:51:00 UTC+8,2026-05-18T18:51:00Z,2026-05-19 02:51:00 UTC+8,2026-05-18T21:51:00Z,2026-05-19 05:51:00 UTC+8,2026-05-19T17:51:00Z,2026-05-20 01:51:00 UTC+8,2026-05-21T17:51:00Z,2026-05-22 01:51:00 UTC+8,2026-05-18T17:51:00Z,2026-05-19 01:51:00 UTC+8,2026-05-18T18:51:00Z,2026-05-19 02:51:00 UTC+8,2026-05-18T21:51:00Z,2026-05-19 05:51:00 UTC+8,2026-05-19T17:51:00Z,2026-05-20 01:51:00 UTC+8,2026-05-21T17:51:00Z,2026-05-22 01:51:00 UTC+8,76739.86,76304.48,77000.01,76842.01,78000.31,76739.86,76304.48,77000.01,76842.01,78000.31,2109.69,2086.46,2134.0,2115.87,2149.43,-0.005673453144167895,0.003390024427982974,0.0013311204894039808,0.01642497132520182,-0.005673453144167895,0.003390024427982974,0.0013311204894039808,0.01642497132520182,-0.011011096417009147,0.011523019969758463,0.002929340329621777,0.018836890728021638,0.0,0.0,0.0,0.0,0.005337643272841253,-0.00813299554177549,-0.001598219840217796,-0.0024119194028198176,ok,
